-1,-0.5058594,-0.3154297,0.072753906,0.34033203,0.5102539,0.45996094,0.41796875,0.92822266,4.8564453,6.5908203,0.4975586,-3.2612305,-7.366699,-3.9399414,-3.1367188,-1.300293,0.041015625,1.3164062,1.8173828,1.1240234,-0.028320312,-0.03857422,-0.12939453,-0.28857422,-0.28271484,-0.16064453,-0.056152344,-0.022949219,-0.04736328,-0.06591797,-0.15722656,-0.15136719,-0.04296875,0.26660156,0.60839844,0.7324219,0.7734375,0.57470703,0.2709961,0.03173828,0,0,0,0
-1,-0.29345703,-0.06640625,0.25878906,0.115722656,0.12158203,0.40185547,0.28271484,0.234375,2.0483398,8.415039,1.449707,-1.4077148,-5.7871094,-4.2714844,-2.8051758,-1.2861328,-0.008300781,1.3139648,1.675293,0.86621094,-0.38867188,-0.7871094,-0.6459961,-0.3408203,-0.067871094,-0.0009765625,0.13232422,-0.022949219,-0.16308594,-0.15771484,0.0073242188,0.15966797,0.41015625,0.6044922,0.7998047,0.9995117,0.93359375,0.64941406,0.23388672,0,0,0,0,0
-1,-0.78027344,-0.6230469,-0.27441406,0.09863281,0.21484375,0.19580078,0.21386719,0.088378906,-0.3232422,2.340332,8.493164,0.07373047,-1.5732422,-5.35791,-4.5634766,-3.2060547,-1.753418,-0.59814453,0.59716797,1.7880859,1.7705078,0.50390625,-0.026855469,0.010253906,-0.12792969,-0.2939453,-0.33007812,-0.2602539,-0.22509766,-0.41552734,-0.40429688,-0.40722656,-0.29589844,-0.17578125,-0.04638672,0.31201172,0.82666016,1.1523438,1.2719727,1.199707,0.8203125,0,0,0
-1,-0.24658203,-0.25390625,-0.041503906,-0.06298828,0.02734375,0.03955078,0.20654297,0.27148438,2.0336914,6.7578125,1.7060547,-1.15625,-5.4257812,-4.9067383,-2.9379883,-1.5229492,-0.3935547,0.16259766,0.76416016,0.78515625,-0.001953125,-0.28125,-0.109375,0.09863281,0.21191406,0.3149414,0.38085938,0.30517578,0.2368164,0.3046875,0.40234375,0.28759766,0.31103516,0.5517578,0.80908203,0.7290039,0.3803711,0.034179688,-0.36767578,-0.7060547,-0.8354492,0,0,0
-1,-0.20214844,0.0087890625,0.0009765625,-0.08642578,-0.087402344,-0.061523438,-0.0068359375,0.5336914,4.524414,4.748047,0.5361328,-2.7480469,-5.786133,-3.0336914,-1.1884766,-0.19482422,0.7451172,1.6777344,1.5517578,0.55566406,-0.034179688,-0.17529297,-0.05908203,0.18554688,0.20507812,0.024414062,-0.19921875,-0.50439453,-0.60791016,-0.6020508,-0.5253906,-0.1459961,0.39892578,0.6928711,0.9243164,0.97802734,0.7553711,0.5209961,0.23144531,-0.11425781,0,0,0,0
-1,-0.37353516,-0.28808594,-0.087402344,0.25683594,0.09033203,0.18164062,0.27392578,0.11621094,0.30859375,4.798828,5.043457,0.09423828,-3.6621094,-6.5893555,-3.7856445,-2.2890625,-0.80566406,0.32861328,1.4970703,1.6484375,0.57128906,-0.20263672,-0.20019531,0.09326172,0.24951172,0.26904297,0.13232422,-0.05029297,-0.3076172,-0.5551758,-0.60595703,-0.48828125,-0.26123047,0.1328125,0.60253906,1.0263672,1.0415039,0.67626953,0.125,-0.26171875,0,0,0,0
-1,-0.18310547,0.036132812,0.23095703,0.14111328,0.08984375,0.15527344,0.14160156,-0.18457031,0.024902344,5.7851562,2.8105469,-0.036621094,-3.8710938,-4.574707,-2.8461914,-1.8154297,-0.7373047,0.3149414,1.5986328,1.6547852,0.18457031,-0.62109375,-0.765625,-0.53515625,-0.27246094,-0.1977539,-0.29785156,-0.4428711,-0.45703125,-0.30615234,-0.08154297,0.21386719,0.38232422,0.51123047,0.7626953,1.0600586,1.199707,1.0473633,0.6069336,0.041503906,-0.5800781,0,0,0
-1,-0.07714844,0.015136719,0.08105469,0.08496094,0.043945312,0.25048828,0.19824219,-0.083984375,0.7685547,6.6450195,2.2939453,0.16894531,-3.8256836,-4.5825195,-2.840332,-1.4428711,-0.5136719,0.05419922,0.96240234,1.034668,0.18359375,-0.4453125,-0.111328125,0.1665039,0.26953125,0.09667969,0.020507812,0.009277344,-0.19189453,-0.34472656,-0.23144531,-0.08935547,0.1743164,0.54248047,0.7451172,0.80859375,0.6743164,0.49853516,0.34423828,-0.018554688,0,0,0,0
-1,-0.6113281,-0.37060547,-0.013671875,0.30566406,0.3100586,0.25683594,0.095214844,-0.022949219,0.95654297,7.3583984,3.7524414,-0.44580078,-3.4511719,-5.236328,-3.418457,-1.7714844,-0.29101562,0.9213867,1.8925781,1.4672852,0.20166016,-0.4033203,-0.4663086,-0.47802734,-0.51171875,-0.40771484,-0.3310547,-0.24609375,-0.2783203,-0.37158203,-0.30566406,-0.11376953,0.21191406,0.5131836,0.73583984,0.9682617,0.9760742,0.7661133,0.33496094,-0.08251953,0,0,0,0
-1,-0.29638672,0.10498047,0.49951172,0.4169922,0.32958984,0.40771484,0.16357422,-0.17480469,1.4067383,7.625,0.9848633,-2.597168,-5.4433594,-3.4262695,-2.34375,-0.8833008,0.27246094,1.2700195,1.1987305,0.53759766,-0.04638672,-0.21582031,-0.056152344,-0.0029296875,-0.12207031,-0.15478516,-0.22998047,-0.38378906,-0.39111328,-0.2421875,-0.018066406,0.31982422,0.49560547,0.5908203,0.67529297,0.5253906,0.22705078,-0.044921875,0,0,0,0,0,0
-1,-0.18701172,-0.012207031,0.2446289,0.34960938,0.41455078,0.4248047,0.20214844,-0.045410156,-0.50439453,1.6928711,7.4331055,0.43847656,-3.4614258,-4.7333984,-2.8520508,-1.9145508,-0.7573242,-0.2993164,0.61376953,0.9428711,0.6245117,-0.052734375,-0.39892578,-0.3876953,-0.27539062,-0.03564453,0.072753906,-0.01171875,-0.092285156,-0.06689453,0.079589844,0.24511719,0.5048828,0.80078125,0.9399414,1.0444336,1.0283203,0.7416992,0.24560547,-0.25683594,-0.5830078,0,0,0
-1,-0.23388672,-0.18603516,-0.09423828,0.111816406,0.32421875,0.3071289,0.45214844,1.3295898,5.182129,5.6499023,0.20263672,-4.208008,-6.2734375,-3.3154297,-2.0742188,-0.7348633,0.59472656,2.088379,2.3144531,1.3984375,0.3623047,-0.39892578,-0.54296875,-0.6303711,-0.61865234,-0.5830078,-0.5756836,-0.61865234,-0.6381836,-0.4482422,-0.21582031,0.0034179688,0.3203125,0.5439453,0.7080078,0.62158203,0.43359375,0.2006836,0,0,0,0,0,0
-1,-0.171875,0.0078125,0.14453125,0.20361328,0.15185547,0.23242188,0.0034179688,-0.18652344,0.5595703,7.8535156,2.5629883,-0.7529297,-4.9487305,-5.3759766,-3.0683594,-1.4648438,-0.58740234,0.31445312,1.262207,1.4628906,0.36035156,-0.4741211,-0.37939453,0.057128906,0.36865234,0.44921875,0.36279297,0.22509766,-0.10449219,-0.2529297,-0.18066406,-0.24121094,-0.21777344,0.01953125,0.2529297,0.54589844,0.48632812,0.26416016,-0.03955078,-0.41259766,0,0,0,0
-1,-0.50341797,-0.27783203,0.016113281,0.092285156,0.1303711,0.1303711,0.07519531,0.8232422,5.654785,5.6308594,-0.18017578,-4.1591797,-5.842285,-2.9887695,-1.8417969,-0.46679688,0.99658203,2.0273438,1.7143555,0.19433594,-0.5908203,-0.75390625,-0.56689453,-0.31445312,-0.15136719,-0.14550781,-0.13720703,-0.22265625,-0.453125,-0.7871094,-0.7709961,-0.55615234,-0.19921875,0.31347656,0.7495117,1.0419922,0.9785156,0.6640625,0.3564453,-0.016601562,0,0,0,0
-1,-0.46777344,-0.29541016,-0.125,0.092285156,0.033691406,0.027832031,0.13623047,0.02734375,-0.18408203,3.0424805,7.166504,0.53222656,-1.7255859,-4.7788086,-3.8603516,-2.692871,-0.87890625,0.5566406,1.8515625,1.8779297,0.49072266,-0.3408203,-0.8588867,-1.0566406,-1.0146484,-0.9199219,-0.6899414,-0.4951172,-0.46777344,-0.50439453,-0.5385742,-0.5415039,-0.6953125,-0.3701172,0.43847656,1.128418,1.5883789,1.3803711,0.8276367,0.33544922,-0.14013672,0,0,0
-1,-1.1650391,-1.1796875,-0.6557617,-0.23095703,0.12207031,0.21142578,0.3984375,1.6318359,10.669922,3.4379883,-0.67871094,-3.8110352,-6.525879,-3.7006836,-2.5439453,-1.0864258,0.27978516,1.4975586,1.8862305,0.9663086,0.05908203,-0.072265625,-0.27246094,-0.4091797,-0.53027344,-1.1625977,-1.5410156,-0.71191406,-0.0034179688,0.111816406,0.22363281,0.19140625,0.23242188,0.31201172,0.546875,0.8173828,0.84521484,0.75878906,0.6425781,0.2421875,0,0,0,0
-1,-0.9160156,-0.76904297,-0.58935547,-0.3852539,-0.08886719,0.4086914,0.5449219,0.47851562,1.6337891,7.7373047,2.6870117,-0.7714844,-4.461426,-6.0336914,-3.2270508,-2.4482422,-0.34570312,0.9404297,1.8012695,1.2109375,0.0234375,-0.3798828,-0.1796875,0.03857422,0.078125,-0.08642578,-0.1586914,-0.31689453,-0.67089844,-0.8564453,-0.69384766,-0.54589844,-0.34179688,0.06982422,0.5019531,0.89208984,0.98828125,0.7216797,0.4892578,0.099121094,0,0,0,0
-1,-0.9399414,-0.82910156,-0.5913086,-0.18164062,0.079589844,0.15625,0.56591797,0.7128906,0.66064453,0.41552734,2.53125,4.1313477,0.1015625,-1.8188477,-4.809082,-3.4570312,-2.3232422,-1.2670898,-0.13378906,0.9995117,1.75,1.4350586,0.16552734,-0.28320312,-0.5786133,-0.7109375,-0.8466797,-0.6015625,-0.3955078,-0.3305664,-0.31933594,-0.5336914,-0.4296875,-0.36376953,-0.30859375,-0.17333984,0.078125,0.31152344,0.5390625,0.48339844,0.19970703,-0.04638672,0,0
-1,-0.86816406,-0.5473633,0.083984375,0.46972656,0.59375,0.5229492,0.41259766,1.1606445,6.4384766,5.8432617,0.17773438,-2.3632812,-8.442383,-3.6542969,-1.3461914,-0.26123047,1.1171875,0.9916992,1.0454102,0.3173828,-0.2265625,-0.23144531,-0.24072266,-0.3544922,-0.58447266,-0.7470703,-0.7084961,-0.7163086,-0.8911133,-0.9584961,-0.7871094,-0.42822266,-0.21191406,0.048339844,0.3984375,0.8520508,0.9970703,0.91503906,0.77246094,0.4663086,0,0,0,0
-1,-1.3227539,-1.1376953,-0.9267578,-0.7675781,-0.41259766,0.22167969,0.6542969,0.52001953,0.26611328,0.49365234,4.7304688,4.0913086,-0.022460938,-2.6142578,-5.1914062,-4.121582,-2.5029297,-1.081543,0.47509766,1.8579102,2.0019531,0.9848633,0.26123047,-0.17041016,-0.40234375,-0.6308594,-0.70410156,-0.7729492,-0.6513672,-0.6743164,-0.58251953,-0.47460938,-0.38964844,-0.5,-0.5644531,-0.20263672,0.10449219,0.3828125,0.67041016,0.7290039,0.73828125,0.64697266,0,0
-1,-0.4921875,-0.23095703,0.14111328,0.21484375,0.07470703,0.26757812,0.1616211,-0.115234375,2.9726562,5.8378906,-1.1318359,-4.7597656,-1.6948242,-1.6342773,-1.5566406,-0.58203125,-0.17626953,0.55908203,0.66748047,0.04248047,-0.5678711,-0.61328125,-0.4165039,-0.4814453,-0.48535156,-0.20800781,-0.24609375,-0.7348633,-1.0117188,-0.7519531,-0.48779297,-0.14501953,0.23486328,0.35546875,0.5498047,0.70654297,0.56152344,0.2944336,-0.06542969,-0.3310547,0,0,0,0
-1,-0.7036133,-0.79541016,-0.8457031,-0.7128906,-0.35498047,-0.03955078,0.08886719,0.118652344,0.2758789,3.6767578,8.323242,0.8413086,-1.2382812,-4.2685547,-5.8632812,-3.4213867,-1.956543,-0.4794922,0.8071289,1.6772461,1.5356445,0.33544922,-0.055664062,-0.09277344,-0.08300781,-0.14404297,0.048339844,0.080566406,-0.022460938,-0.35302734,-0.5283203,-0.57666016,-0.39501953,-0.3984375,-0.29248047,0.022460938,0.52978516,0.8774414,0.9472656,0.9301758,0,0,0,0
-1,-0.78125,-0.6098633,-0.07910156,0.23339844,0.31982422,0.36914062,0.21435547,0.009765625,1.2939453,7.4990234,2.7148438,-0.60058594,-4.591797,-4.82959,-2.9975586,-1.5795898,-0.4814453,0.5917969,1.3061523,0.97021484,0.15527344,-0.14794922,-0.4033203,-0.49365234,-0.6953125,-0.5649414,-0.5439453,-0.5991211,-0.7246094,-0.5473633,-0.119140625,0.21435547,0.5258789,0.80859375,1.0981445,1.1992188,1.1669922,0.9057617,0.65771484,0,0,0,0,0
-1,-0.4428711,-0.10449219,0.12109375,0.21289062,0.53222656,0.3955078,0.19189453,1.0761719,7.1376953,3.3100586,-1.0927734,-5.0268555,-5.430176,-2.9345703,-1.5229492,-0.5595703,0.796875,1.4130859,1.2363281,0.1015625,-0.37402344,-0.31884766,-0.21875,-0.3461914,-0.38867188,-0.4086914,-0.41357422,-0.39501953,-0.55908203,-0.50439453,-0.4267578,-0.08691406,0.4951172,0.96972656,1.1992188,1.1337891,0.92626953,0.7817383,0.2758789,0,0,0,0,0
-1,0.047851562,0.072753906,0.25390625,0.17529297,0.12695312,0.3125,0.3955078,0.7314453,3.1289062,5.5092773,0.76464844,-2.1958008,-5.544922,-3.916504,-2.3999023,-0.9375,0.34423828,1.2241211,1.4570312,0.43603516,-0.54589844,-0.7451172,-0.72314453,-0.61083984,-0.5625,-0.32177734,-0.18554688,-0.021484375,0.05908203,-0.12597656,-0.09423828,-0.05517578,-0.052246094,0.075683594,0.36328125,0.6069336,0.70654297,0.56933594,0.35546875,0,0,0,0,0
-1,-0.13476562,-0.18017578,-0.1303711,-0.22363281,-0.08642578,0.1459961,-0.053222656,0.9770508,8.334961,3.2719727,-0.6748047,-3.5668945,-6.6435547,-3.847168,-2.6513672,-1.2412109,-0.4169922,0.4975586,1.2807617,1.0908203,0.0625,-0.084472656,0.19726562,0.21533203,0.079589844,0.11328125,0.16503906,-0.16064453,-0.39941406,-0.58496094,-0.38330078,-0.17480469,0.12939453,0.63720703,1.0952148,1.2797852,1.2880859,1.1015625,0.82714844,0,0,0,0,0
-1,-0.1328125,-0.0390625,0.075683594,0.02734375,-0.020019531,0.1616211,0.18408203,1.7250977,4.9921875,1.8339844,-1.0058594,-3.9311523,-5.3793945,-3.4057617,-1.7197266,0.057128906,1.2607422,1.7646484,1.2490234,0.26416016,-0.091308594,-0.09082031,-0.25732422,-0.3100586,-0.3466797,-0.2368164,-0.2602539,-0.2685547,-0.375,-0.50927734,-0.37890625,-0.21044922,0.12158203,0.4711914,0.7890625,0.91015625,0.8183594,0.5888672,0.2631836,-0.07128906,0,0,0,0
-1,-0.26660156,-0.041992188,0.31152344,0.23583984,0.115234375,0.08300781,0.030273438,0.83251953,8.039551,4.4643555,-1.0546875,-4.0249023,-6.4414062,-3.9038086,-2.442871,-1.0249023,-0.106933594,1.1254883,2.1401367,1.9458008,0.33935547,-0.16259766,-0.24316406,-0.29492188,-0.24121094,-0.16992188,-0.14746094,-0.10595703,-0.09033203,-0.23730469,-0.36816406,-0.33154297,-0.17871094,0.019042969,0.23486328,0.45703125,0.51123047,0.29736328,-0.008300781,-0.40429688,0,0,0,0
-1,-0.55566406,-0.27783203,0.18359375,0.11425781,0.068847656,0.11376953,0.07421875,0.11328125,3.5458984,6.633301,-0.15673828,-2.7143555,-6.0507812,-4.201172,-2.4228516,-0.76123047,0.44873047,1.887207,2.4711914,1.0488281,-0.17871094,-0.83935547,-0.88134766,-0.6567383,-0.28564453,-0.087890625,-0.14111328,-0.2836914,-0.44970703,-0.359375,-0.25976562,-0.10253906,0.19042969,0.4736328,0.7866211,0.94628906,0.6635742,0.34472656,0,0,0,0,0,0
-1,-0.3076172,0.1796875,0.28173828,0.24267578,0.037597656,0.041992188,1.815918,8.897949,2.7011719,-0.9863281,-4.9121094,-5.923828,-3.1132812,-2.1235352,-0.37060547,0.78515625,2.0078125,1.8833008,0.7133789,0.032226562,-0.34765625,-0.28857422,-0.28466797,-0.15185547,-0.39990234,-0.35205078,-0.12695312,-0.3671875,-0.54833984,-0.7036133,-0.4873047,-0.18359375,0.20507812,0.63134766,0.84228516,0.7480469,0.44482422,0.26904297,0.021972656,0,0,0,0,0
-1,-0.89941406,-0.65966797,-0.2607422,-0.0043945312,0.13232422,0.08300781,0.040527344,0.26757812,2.512207,6.6054688,0.69384766,-1.8149414,-4.6777344,-4.25,-2.1396484,-0.7636719,0.16601562,1.2416992,1.4282227,0.75341797,0.08935547,-0.28125,-0.39404297,-0.45751953,-0.44970703,-0.41748047,-0.16064453,-0.24853516,-0.57470703,-0.6118164,-0.42089844,-0.28125,0.034179688,0.5439453,1.,1.2080078,1.0834961,0.9067383,0.62060547,0.23632812,0,0,0,0
-1,-0.1430664,-0.1977539,-0.18652344,-0.33984375,-0.2524414,-0.03466797,-0.084472656,0.7626953,8.103516,4.5566406,-0.51464844,-5.1938477,-5.395996,-3.4301758,-2.354004,-0.9682617,0.033691406,1.1953125,1.8798828,0.96972656,-0.25195312,-0.55908203,-0.48242188,-0.46533203,-0.42138672,-0.18359375,-0.020996094,-0.15478516,-0.20214844,-0.18017578,-0.0043945312,0.11328125,0.3388672,0.66015625,0.9135742,0.89160156,0.60009766,0.3696289,-0.016113281,0,0,0,0,0
-1,-0.5126953,-0.34521484,-0.2241211,-0.095214844,0.12207031,0.15332031,0.5698242,3.9780273,6.762207,0.9086914,-1.3120117,-5.1289062,-4.3222656,-2.5170898,-1.2192383,-0.50390625,0.73583984,1.8408203,1.800293,0.65283203,-0.24121094,-0.45166016,-0.36669922,-0.2006836,-0.16894531,-0.09716797,-0.2133789,-0.45263672,-0.4345703,-0.25634766,-0.123046875,0.104003906,0.44628906,0.8120117,0.98876953,0.86035156,0.55029297,0.1274414,0,0,0,0,0,0
-1,-0.7558594,-0.56933594,-0.3149414,-0.0087890625,0.23828125,0.30908203,0.90722656,5.262207,4.7646484,0.59765625,-1.9350586,-5.413574,-3.868164,-2.057129,-0.67578125,0.5332031,1.5966797,1.625,0.37451172,-0.14697266,-0.15820312,-0.15966797,-0.05517578,0.07080078,0.11328125,-0.07910156,-0.45214844,-0.81396484,-0.8364258,-0.5888672,-0.2998047,-0.08203125,0.25634766,0.66308594,0.85595703,0.8408203,0.63964844,0.32373047,0,0,0,0,0,0
-1,-0.44873047,-0.25048828,0.14697266,0.08984375,0.10449219,0.08935547,-0.067871094,1.9414062,10.301758,2.0336914,-0.625,-4.2783203,-6.2597656,-3.387207,-2.0825195,-0.58691406,0.44384766,1.4306641,1.5620117,0.37890625,-0.6176758,-0.94189453,-0.9394531,-0.8203125,-0.7138672,-0.45703125,-0.20605469,-0.16748047,-0.21533203,-0.2836914,-0.1875,-0.04248047,0.21679688,0.61376953,1.1274414,1.4487305,1.277832,0.9604492,0.36523438,-0.22949219,0,0,0,0
-1,-0.00048828125,-0.026367188,-0.1171875,-0.18652344,-0.12988281,-0.12597656,-0.27197266,1.659668,9.552246,0.66015625,-1.1630859,-5.557617,-4.7128906,-3.0073242,-1.6210938,-0.38427734,0.9765625,1.9223633,1.2636719,-0.31445312,-0.8730469,-1.0175781,-0.8745117,-0.60302734,-0.22265625,0.14111328,0.15820312,0.013671875,-0.023925781,-0.064453125,-0.12548828,-0.037109375,0.34570312,0.7363281,1.003418,1.0268555,0.80810547,0.46240234,0.046875,0,0,0,0,0
1,-0.0063476562,-0.34033203,-0.35839844,-0.5527344,-0.6689453,-0.46923828,-0.39990234,0.06640625,0.23242188,-2.8793945,-3.1875,1.0307617,4.1030273,5.9086914,2.4140625,0.88378906,0.07714844,-0.38085938,-0.018554688,0.5004883,0.58447266,0.7285156,0.49853516,0.36328125,0.58154297,0.9013672,1.0458984,0.89941406,0.7192383,0.4638672,0.22460938,-0.033691406,-0.17285156,-0.19091797,-0.19091797,-0.20507812,-0.33935547,-0.5395508,-0.796875,-0.82177734,-0.69189453,-0.5058594,0,0
1,0.03173828,-0.15820312,-0.25976562,-0.3984375,-0.59765625,-0.66308594,-0.3798828,-0.21972656,-2.5698242,-3.6767578,0.3623047,3.7895508,6.1132812,2.2548828,0.83251953,0.19921875,-0.100097656,-0.032714844,0.41064453,0.56152344,0.67041016,0.57177734,0.3486328,0.52246094,0.7373047,0.8173828,0.70751953,0.51416016,0.31152344,-0.036621094,-0.2788086,-0.31933594,-0.36132812,-0.4482422,-0.41357422,-0.37451172,-0.5024414,-0.7421875,-0.609375,-0.42578125,-0.29345703,0,0,0
1,0.23388672,-0.23583984,-0.48095703,-0.54296875,-0.72753906,-0.7817383,-0.63134766,-0.5131836,-1.6435547,-3.3862305,-1.1762695,1.5419922,4.2558594,5.9692383,2.6992188,0.69873047,-0.2993164,-0.19384766,0.58691406,0.97753906,0.88964844,0.55810547,0.13427734,0.21826172,0.4428711,0.6538086,0.6738281,0.39990234,0.13623047,-0.119140625,-0.18652344,-0.23144531,-0.19921875,-0.21044922,-0.12792969,0.080078125,0.17041016,-0.08203125,-0.3857422,-0.7446289,-0.78027344,0,0,0
1,0.8203125,0.36669922,0.091308594,-0.22949219,-0.33740234,-0.33447266,-0.107421875,0.49267578,-0.03515625,-3.9399414,-3.0541992,1.2734375,4.09375,6.3535156,3.5014648,1.4052734,0.067871094,-0.91503906,-0.5371094,0.00048828125,0.05517578,-0.041503906,-0.31298828,0.0087890625,0.3857422,1.1186523,1.3540039,1.434082,1.0649414,0.61035156,0.13134766,-0.14013672,-0.42919922,-0.6171875,-0.8017578,-0.69873047,-0.3798828,-0.045410156,-0.15429688,-0.22558594,-0.24072266,-0.24658203,0,0
1,-0.8354492,-0.78564453,-0.7705078,-0.69091797,-0.44677734,0.01171875,0.54833984,0.16113281,-2.213379,-2.2392578,1.7363281,3.3393555,4.3129883,2.4672852,1.2294922,0.7763672,0.25732422,-0.036621094,-0.084472656,0.29541016,0.4716797,0.35888672,0.12890625,0.23925781,0.52001953,0.7763672,0.81689453,0.76660156,0.5629883,0.3798828,0.2055664,0.049316406,-0.019042969,-0.10986328,-0.19042969,-0.24414062,-0.2680664,-0.5180664,-0.59033203,-0.48828125,-0.41552734,-0.20214844,0,0
1,-0.11425781,-0.43652344,-0.5722656,-0.5595703,-0.51904297,-0.2055664,-0.8569336,-4.7626953,-2.5385742,0.99609375,4.229004,6.173828,3.1157227,1.3134766,0.24267578,-0.25097656,-0.0053710938,0.45703125,0.63183594,0.7158203,0.47509766,0.15234375,0.23339844,0.4633789,0.78808594,0.73828125,0.6269531,0.42382812,0.28808594,0.15966797,-0.08203125,-0.18359375,-0.2578125,-0.22558594,-0.17773438,-0.115234375,-0.19677734,-0.3955078,-0.39404297,-0.37353516,0,0,0,0
1,-0.26171875,-0.2836914,-0.26513672,-0.3071289,-0.48095703,-0.390625,-0.044433594,0.115234375,-1.3637695,-2.8110352,-0.27294922,2.9472656,5.1523438,3.5751953,1.1123047,0.021484375,-0.14648438,0.44091797,0.79785156,0.85009766,0.60009766,0.375,0.25341797,0.22949219,0.51904297,0.6376953,0.6826172,0.65478516,0.5722656,0.43896484,0.203125,0.067871094,-0.076660156,-0.26220703,-0.42089844,-0.46044922,-0.47070312,-0.65771484,-0.64208984,-0.46533203,-0.18310547,0,0,0
1,-0.5800781,-0.828125,-0.7758789,-0.5957031,-0.56152344,-0.29296875,0.15576172,-1.9399414,-4.5527344,-0.52001953,4.173828,6.4121094,4.824707,1.8496094,0.64697266,0.15234375,-0.05859375,0.20166016,0.4086914,0.50683594,0.37646484,0.22167969,0.22802734,0.4326172,0.74365234,0.84521484,0.7270508,0.56396484,0.25048828,0.100097656,-0.041503906,-0.060546875,-0.1772461,-0.2553711,-0.31152344,-0.33642578,-0.5292969,-0.7504883,-0.50341797,-0.23583984,-0.07714844,0,0,0
1,-0.018554688,-0.18798828,-0.35546875,-0.41455078,-0.50878906,-0.37841797,-0.42285156,-2.0932617,-4.109375,-1.7138672,0.8618164,4.7783203,6.2216797,2.9770508,0.671875,-0.39794922,-0.19726562,0.546875,0.86279297,0.53125,0.3154297,0.032714844,0.22558594,0.5620117,0.7714844,0.6977539,0.5258789,0.44140625,0.27294922,0.053222656,-0.08300781,-0.19580078,-0.22753906,-0.20751953,-0.26953125,-0.5283203,-0.7675781,-0.97998047,-0.89160156,-0.6113281,0,0,0,0
1,-0.08251953,-0.3725586,-0.45947266,-0.47753906,-0.5317383,-0.57714844,-0.3930664,-0.2397461,-2.916504,-5.0532227,-0.63671875,3.1347656,6.147949,6.2314453,2.7363281,0.61572266,-0.61865234,-0.765625,0.3803711,1.0546875,1.0126953,1.0683594,0.77978516,0.52685547,0.5317383,0.5390625,0.4819336,0.41210938,0.13916016,-0.09375,-0.25097656,-0.2548828,-0.29492188,-0.26171875,-0.18652344,-0.1352539,-0.2626953,-0.53759766,-0.55371094,-0.5097656,-0.42089844,-0.29638672,0,0
1,-0.044921875,-0.21240234,-0.21972656,-0.29003906,-0.41064453,-0.5541992,-0.453125,-0.83496094,-2.6689453,-2.0283203,0.2758789,3.9995117,5.8896484,2.9257812,0.16845703,-0.55126953,-0.42236328,0.5366211,0.7236328,0.90283203,0.7324219,0.3828125,0.1508789,0.27392578,0.5263672,0.6699219,0.6923828,0.57128906,0.3071289,0.16113281,0.0063476562,-0.09667969,-0.19335938,-0.3491211,-0.26611328,-0.19677734,-0.18359375,-0.33642578,-0.37646484,-0.3022461,-0.18701172,0,0,0
1,-0.5830078,-1.1787109,-1.5234375,-1.1186523,-0.51660156,-0.19189453,0.29101562,-1.1240234,-4.1342773,-1.6489258,1.6914062,4.7353516,5.2929688,2.2661133,0.7788086,0.06201172,0.005859375,0.36621094,0.76904297,1.0024414,1.1801758,0.9189453,0.5942383,0.5209961,0.64697266,0.73828125,0.6401367,0.4243164,0.18896484,0.04638672,-0.12939453,-0.23535156,-0.34326172,-0.4658203,-0.5136719,-0.4946289,-0.4663086,-0.5996094,-0.6333008,-0.44091797,-0.23388672,0,0,0
1,0.2006836,0.06201172,0.0024414062,-0.10205078,-0.11035156,-0.17919922,-0.1274414,0.3022461,-0.3388672,-3.8295898,-2.809082,0.6542969,4.4785156,6.413574,3.5131836,0.86279297,0.13232422,-0.07519531,0.2055664,0.25439453,0.35791016,0.13574219,-0.114746094,-0.12890625,0.044433594,0.5576172,0.83740234,0.9448242,0.70947266,0.5961914,0.37695312,0.13232422,-0.0126953125,-0.123535156,-0.3305664,-0.50390625,-0.54785156,-0.5625,-0.5126953,-0.6020508,-0.40185547,-0.171875,0,0
1,-0.41259766,-0.49951172,-0.41552734,-0.32666016,-0.31689453,-0.28466797,0.31982422,0.4555664,-2.7456055,-3.3461914,0.12060547,3.8828125,5.5703125,3.8530273,1.5063477,0.39990234,-0.14550781,0.23535156,0.86035156,1.0102539,0.76660156,0.5288086,0.07519531,0.17919922,0.5107422,0.95166016,1.0546875,0.890625,0.66015625,0.38964844,0.29492188,0.23925781,-0.0009765625,-0.20458984,-0.32617188,-0.3984375,-0.50683594,-0.5786133,-0.6333008,-0.7138672,-0.63378906,-0.50341797,0,0
1,-0.016601562,-0.39453125,-0.6152344,-0.62353516,-0.6269531,-0.66796875,-0.45996094,-0.6796875,-3.3925781,-2.3691406,0.24023438,3.2910156,5.5161133,3.1342773,1.0073242,0.2758789,0.33740234,0.69628906,0.9423828,0.9555664,0.5522461,0.28710938,0.040527344,0.26513672,0.51708984,0.6464844,0.44726562,0.27929688,0.2290039,0.104003906,0.07861328,0.005859375,-0.0053710938,0.084472656,0.14794922,0.036621094,-0.23339844,-0.54541016,-0.625,-0.46777344,0,0,0,0
1,-0.14013672,-0.6044922,-0.8095703,-0.8339844,-0.8125,-0.7026367,-0.45898438,0.011230469,-0.4716797,-2.911621,-2.2509766,1.8911133,4.322754,5.070801,1.6020508,0.4482422,-0.1015625,-0.09472656,0.2553711,0.7661133,0.70996094,0.50341797,0.23291016,0.061523438,0.29833984,0.66796875,1.019043,0.8798828,0.8701172,0.7597656,0.6772461,0.6411133,0.42333984,0.3178711,0.16210938,-0.0234375,-0.32080078,-0.6010742,-0.7680664,-0.8442383,-0.9711914,-1.1650391,0,0
1,0.2421875,-0.28076172,-0.69628906,-0.9824219,-1.0307617,-0.89160156,-0.5439453,-0.016601562,-0.97802734,-2.9291992,-1.2524414,2.1923828,4.17041,5.3276367,2.0708008,0.5620117,0.20800781,0.703125,0.8256836,0.87939453,0.70654297,0.41845703,0.26708984,0.47753906,1.1533203,0.82128906,0.27294922,0.25976562,0.3569336,0.46191406,0.24316406,0.14160156,0.008300781,0.07373047,0.05078125,0.125,-0.10498047,-0.43408203,-0.7236328,-0.92285156,-0.9160156,0,0,0
1,0.099121094,-0.27734375,-0.53027344,-0.6796875,-0.70751953,-0.6723633,-0.34814453,0.3232422,-0.6796875,-3.0219727,-1.2802734,2.4882812,4.8344727,3.5810547,1.425293,0.484375,0.25195312,0.2241211,0.49267578,0.7402344,0.8496094,0.64453125,0.04296875,-0.009765625,0.2758789,0.80908203,1.0258789,1.0722656,1.0668945,0.9814453,0.9506836,0.70654297,0.5136719,0.3232422,0.10253906,-0.10546875,-0.4609375,-0.8535156,-0.96875,-0.9399414,0,0,0,0
1,-0.04638672,-0.19384766,-0.25048828,-0.30029297,-0.2578125,-0.40966797,-0.19042969,0.023925781,-2.0405273,-4.052246,-0.49414062,2.8061523,5.9541016,4.4555664,1.6352539,0.58251953,0.07421875,0.39501953,1.1132812,1.1459961,0.92822266,0.94384766,0.6875,0.5361328,0.68847656,0.8359375,0.71484375,0.5991211,0.4584961,0.10839844,-0.16992188,-0.28173828,-0.33007812,-0.3125,-0.19824219,-0.05810547,0.091308594,0.005859375,-0.51171875,-0.76123047,-0.88378906,-0.86816406,0,0
1,0.4663086,0.15478516,-0.1171875,-0.32861328,-0.36279297,-0.5444336,-0.34716797,-0.15722656,-2.9492188,-4.0058594,-0.46728516,4.199707,6.4067383,4.732422,1.6513672,0.60058594,-0.09765625,-0.22705078,0.08544922,0.30078125,0.37695312,0.19970703,-0.19824219,-0.22216797,0.12988281,0.7519531,1.2001953,1.2148438,1.1337891,1.0766602,0.77734375,0.46191406,0.16748047,0.047851562,-0.03955078,-0.03955078,-0.041015625,-0.13183594,-0.53125,-1.0771484,-1.3227539,0,0,0
1,0.64697266,0.34521484,0.10253906,-0.1977539,-0.62890625,-0.8491211,-0.6557617,-0.1328125,-1.5732422,-3.8828125,-1.4404297,1.0429688,4.8081055,5.288574,3.671875,0.98876953,-0.39892578,-0.39453125,0.7753906,1.0981445,0.95947266,0.71972656,0.42626953,0.16015625,0.17480469,0.2763672,0.43701172,0.4970703,0.3383789,0.23291016,0.25634766,0.29882812,0.33496094,0.2841797,0.23242188,0.22216797,0.24365234,0.1694336,-0.06591797,-0.36865234,-0.50927734,-0.5541992,-0.4921875,0
1,-0.3310547,-0.4873047,-0.45703125,-0.39404297,-0.48388672,-0.6386719,-0.44580078,0.056152344,-0.30322266,-3.6513672,-2.038086,1.9804688,4.305176,5.8125,2.8916016,0.9477539,-0.1538086,-0.8222656,-0.15527344,0.6308594,0.7558594,0.73876953,0.49365234,0.38623047,0.5473633,0.88378906,1.0498047,1.046875,0.9038086,0.75146484,0.56933594,0.2705078,0.11767578,0.013183594,-0.11279297,-0.072753906,-0.07763672,-0.29101562,-0.43603516,-0.6401367,-0.7036133,0,0,0
1,0.9301758,0.75341797,0.53759766,0.18798828,-0.17236328,-0.5126953,-0.73876953,-0.74072266,-0.3857422,0.04248047,-2.552246,-4.020996,-0.43359375,4.0625,6.955078,4.5561523,2.0322266,0.3408203,-0.5336914,-0.62597656,-0.43359375,-0.096191406,-0.07470703,-0.27392578,-0.21386719,0.053710938,1.0820312,1.4169922,1.4125977,1.2036133,0.9189453,0.52978516,0.14257812,0.009277344,-0.04638672,-0.1586914,-0.17773438,-0.111816406,-0.16552734,-0.54052734,-0.70166016,-0.74316406,-0.78125,0
1,0.65771484,0.3305664,-0.01171875,-0.5361328,-0.9614258,-1.2368164,-1.2749023,-0.92089844,-0.78466797,-2.524414,-4.2768555,-0.8935547,2.4501953,5.8588867,4.8964844,1.7163086,0.39257812,-0.54589844,-0.7548828,0.099121094,0.75390625,1.081543,1.1049805,0.69189453,0.6923828,0.92089844,1.1899414,1.1337891,0.9199219,0.7553711,0.45947266,0.109375,-0.17822266,-0.45898438,-0.6645508,-0.6567383,-0.57910156,-0.62939453,-0.7866211,-0.8286133,-0.7451172,-0.6743164,-0.4428711,0
1,0.2758789,-0.15332031,-0.56347656,-0.8691406,-0.9165039,-0.8388672,-0.35107422,-0.28173828,-3.0356445,-2.5922852,0.21044922,3.503418,5.563965,3.739746,1.1459961,-0.18115234,-0.83251953,0.25732422,0.93603516,1.0214844,0.79541016,0.4321289,0.21972656,0.26123047,0.49365234,0.54052734,0.44580078,0.26220703,0.11621094,-0.043945312,-0.17285156,-0.14550781,-0.15722656,-0.107421875,-0.024902344,-0.072753906,-0.12158203,-0.14208984,-0.09667969,0.046875,0.047851562,0,0,0
1,0.35546875,0.26416016,0.099121094,0.03173828,-0.12011719,-0.1850586,-0.20751953,0.07519531,0.19628906,-3.411621,-3.4243164,0.63183594,4.1259766,5.7944336,3.4082031,1.1650391,-0.11230469,-0.31933594,-0.07128906,0.38232422,0.47265625,0.35302734,0.15185547,0.0546875,0.30078125,0.59716797,0.8256836,0.8227539,0.7348633,0.62158203,0.4140625,0.26953125,0.13623047,0.025878906,-0.079589844,-0.19091797,-0.27246094,-0.3930664,-0.5776367,-0.7363281,-0.4423828,-0.24511719,-0.13476562,0
1,0.82714844,0.47216797,0.09423828,-0.3095703,-0.4248047,-0.2446289,-0.020507812,-0.6430664,-3.741211,-2.7695312,0.47851562,4.138672,6.194336,2.1816406,0.20214844,-0.59228516,-0.765625,-0.30078125,-0.041503906,0.072265625,0.04248047,0.096191406,0.12548828,0.4741211,0.91503906,1.0605469,1.0004883,0.6948242,0.44726562,0.12890625,-0.16845703,-0.36865234,-0.48779297,-0.6118164,-0.63720703,-0.5986328,-0.43798828,-0.35498047,-0.20214844,-0.12890625,-0.1328125,0,0,0
1,-0.07128906,-0.16503906,-0.29541016,-0.33935547,-0.40429688,-0.24023438,0.21435547,-1.4287109,-5.317871,-1.2001953,2.6918945,5.7036133,5.7578125,2.739746,0.8417969,-0.21582031,-0.45410156,0.115722656,0.6923828,0.8227539,0.875,0.46142578,0.1274414,0.17822266,0.4111328,0.5649414,0.3852539,0.30859375,0.23046875,0.20214844,0.17626953,0.07861328,-0.05908203,-0.22363281,-0.35546875,-0.5800781,-0.73828125,-0.68847656,-0.60498047,-0.43896484,-0.26660156,0,0,0
1,-0.40429688,-0.2993164,-0.022949219,-0.020996094,-0.1665039,-0.018066406,0.46875,0.1328125,-2.1938477,-1.8237305,1.3725586,3.5205078,4.5,2.2143555,0.38916016,0.029296875,0.50439453,0.80371094,0.91308594,0.9765625,0.7651367,0.5053711,0.13476562,0.07470703,0.2265625,0.40625,0.4633789,0.35498047,0.34960938,0.328125,0.26904297,0.19677734,0.171875,0.068359375,-0.08886719,-0.3310547,-0.63427734,-0.80029297,-0.734375,-0.66015625,-0.55566406,0,0,0
1,0.34472656,0.027832031,-0.15966797,-0.28564453,-0.4033203,-0.5703125,-0.5029297,-0.32470703,0.17919922,-0.44677734,-4.95459,-2.7036133,1.7211914,5.447754,7.078125,2.838379,0.6401367,-0.46679688,-0.6665039,0.21728516,1.0380859,1.0649414,0.9008789,0.5678711,0.17822266,0.28125,0.49414062,0.6347656,0.5205078,0.4375,0.1821289,0.030273438,-0.12207031,-0.26611328,-0.41748047,-0.51220703,-0.64746094,-0.5761719,-0.44677734,-0.5151367,-0.68115234,-0.7084961,-0.3076172,0
1,0.021972656,-0.1977539,-0.47607422,-0.60058594,-0.62646484,-0.5541992,-0.37548828,0.1459961,-1.1005859,-4.175293,-1.0615234,2.3012695,5.491211,4.1557617,1.5009766,0.67822266,0.296875,0.5678711,0.84521484,1.0561523,0.77734375,0.5654297,0.34228516,0.23730469,0.5,0.75439453,0.93066406,0.7763672,0.62060547,0.4345703,0.2631836,0.1430664,-0.072265625,-0.20507812,-0.21826172,-0.34472656,-0.5053711,-0.6611328,-0.8100586,-0.76660156,-0.80371094,-0.89941406,0,0
1,0.23632812,-0.07470703,-0.33691406,-0.5527344,-0.62402344,-0.48535156,-0.5649414,-3.1245117,-2.9018555,-0.36669922,3.2197266,5.3242188,4.1118164,1.5117188,-0.30419922,-1.1313477,-0.46923828,0.3149414,0.73291016,0.47705078,0.3232422,0.21191406,0.5107422,0.8496094,0.99121094,0.8833008,0.73095703,0.53027344,0.30371094,0.033691406,-0.13232422,-0.30419922,-0.46972656,-0.5571289,-0.58496094,-0.5756836,-0.40966797,-0.29736328,-0.1586914,-0.1430664,0,0,0,0
1,-0.016113281,-0.38134766,-0.5522461,-0.73535156,-0.70410156,-0.45117188,-0.12011719,-0.020996094,-1.5039062,-3.4243164,-0.9355469,2.553711,4.6831055,4.438965,1.3442383,0.1694336,-0.21435547,0.1850586,0.57666016,0.75634766,0.4326172,0.3959961,0.10888672,0.16992188,0.39648438,0.66064453,0.72753906,0.6333008,0.56884766,0.49414062,0.3154297,0.14013672,0.037597656,-0.12597656,-0.2998047,-0.50390625,-0.6894531,-0.6875,-0.59814453,-0.5048828,-0.49365234,-0.5126953,0,0
1,0.1274414,0.0024414062,-0.09863281,-0.2241211,-0.2939453,-0.34716797,-0.15478516,-0.45361328,-3.7441406,-3.5332031,-0.46923828,3.927246,6.038086,4.2924805,1.2412109,-0.16992188,-0.9160156,-0.06201172,0.5595703,0.796875,0.7265625,0.49902344,0.1665039,0.24951172,0.5805664,0.9667969,1.0053711,1.0288086,0.90234375,0.6557617,0.3232422,0.022949219,-0.21923828,-0.50390625,-0.5957031,-0.7265625,-0.89501953,-0.9506836,-0.81640625,-0.76904297,-0.7602539,-0.7558594,0,0
1,0.32373047,0.07080078,-0.23535156,-0.3046875,-0.30908203,-0.30322266,0.1640625,-0.15625,-4.395996,-3.729004,0.3232422,3.9511719,6.4838867,3.819336,1.6064453,0.64404297,-0.2006836,0.0034179688,0.3544922,0.43408203,0.4013672,0.35791016,0.31835938,0.5253906,0.81689453,0.9951172,0.85546875,0.7421875,0.52685547,0.29492188,0.049804688,-0.14160156,-0.25976562,-0.34960938,-0.55810547,-0.77197266,-0.9995117,-0.92041016,-0.62158203,-0.45703125,-0.44873047,0,0,0
1,-0.22949219,-0.66064453,-0.76464844,-0.8027344,-0.63671875,-0.38476562,-0.23291016,-1.6176758,-3.165039,-0.8588867,3.7626953,5.1689453,5.4072266,1.7592773,0.07080078,-1.1132812,-0.67041016,0.1796875,0.83154297,0.8876953,0.8149414,0.4663086,0.4555664,0.78564453,1.0986328,1.0766602,0.82958984,0.46191406,0.12695312,-0.12207031,-0.37548828,-0.46191406,-0.4248047,-0.34765625,-0.32910156,-0.43408203,-0.50439453,-0.32080078,-0.10205078,0.0034179688,-0.00048828125,0,0,0
1,0.046875,-0.38916016,-0.6894531,-0.8364258,-0.95996094,-0.8149414,-0.40429688,-0.39160156,-2.1938477,-3.6240234,-1.2158203,3.4941406,5.6831055,5.2441406,2.0214844,0.21728516,-0.47216797,-0.14404297,0.58251953,0.8984375,0.7558594,0.57958984,0.3642578,0.3798828,0.5908203,0.7680664,0.6513672,0.45654297,0.37841797,0.33984375,0.25683594,0.064941406,-0.095214844,-0.053710938,-0.036621094,-0.11376953,-0.33496094,-0.56640625,-0.73583984,-0.7109375,0,0,0,0
