-1,0.33154297,0.65478516,0.9296875,0.7763672,0.80126953,0.9042969,0.1484375,-2.508789,-1.3037109,0.74609375,1.0458984,2.2382812,1.2055664,0.2602539,-0.35839844,-0.5527344,-0.85058594,-0.6513672,-0.46484375,-0.5419922,-0.18701172,0.020019531,-0.25048828,-0.057617188,0.12841797,0.40722656,0.30371094,0.6098633,0.4868164,0.53466797,0.3486328,-0.10058594,-0.5805664,-0.7949219,0.21533203,0.072753906,-0.060546875,0,0,0,0,0,0,0
-1,0.09863281,0.43115234,0.92822266,1.1201172,0.7558594,1.1142578,-0.3251953,-2.2485352,-0.9511719,1.3305664,1.9448242,2.6694336,1.4711914,0.15966797,-0.45458984,-0.796875,-0.8120117,-0.6074219,-0.4506836,-0.33154297,-0.041503906,-0.21777344,-0.15234375,0.033691406,-0.28320312,0.49267578,0.5126953,0.4038086,0.5722656,0.77246094,1.4804688,0.7807617,-0.2680664,-1.003418,-0.92626953,-0.2133789,-0.30664062,-0.21435547,0,0,0,0,0,0
-1,-0.19091797,0.033691406,0.4560547,0.72802734,0.60009766,0.55126953,-0.4501953,-1.425293,-1.0820312,0.93896484,1.456543,1.9536133,1.7753906,0.40429688,-0.3149414,-0.24121094,-0.4892578,-0.107910156,0.14697266,0.06933594,-0.06347656,0.010253906,-0.10107422,-0.19970703,-0.20019531,-0.18798828,0.07421875,-0.6376953,0.34472656,0.7788086,0.8828125,1.0595703,0.875,-0.6401367,-0.8076172,-0.625,-0.044921875,-0.35205078,-0.1459961,0,0,0,0,0
-1,0.6484375,0.7910156,1.0219727,0.92822266,0.74609375,-0.104003906,-3.074707,-2.387207,-0.091308594,2.9135742,2.2583008,2.2543945,0.52197266,-0.5209961,-0.9589844,-1.0102539,-0.53466797,-0.32373047,-0.38378906,-0.08886719,-0.20117188,-0.10986328,-0.06933594,0.08300781,-0.03173828,0.48242188,-0.072753906,0.50878906,0.69433594,0.87109375,1.2387695,0.19970703,-0.86865234,-0.8300781,-0.3491211,-0.25097656,-0.05810547,0.13623047,0,0,0,0,0,0
-1,-0.16455078,-0.13134766,0.3720703,0.5307617,0.75878906,1.3461914,0.94140625,-2.7543945,-1.8144531,0.020019531,1.2875977,2.2368164,2.243164,0.5,-0.5239258,-1.0581055,-0.93603516,-0.44677734,-0.37597656,-0.1953125,0.115234375,0.29736328,0.16503906,0.4453125,0.32617188,0.12060547,0.45507812,0.58984375,0.45751953,0.5673828,0.8378906,1.9936523,0.6191406,-0.86865234,-1.0703125,-0.7192383,-0.22021484,-0.3256836,-0.13085938,0,0,0,0,0
-1,0.08496094,0.3227539,0.8017578,1.2143555,0.9868164,0.93310547,0.41992188,-2.8085938,-2.2451172,-0.16113281,1.8198242,2.338379,2.0317383,0.42773438,-0.55322266,-1.0229492,-1.0341797,-0.48339844,-0.57128906,-0.6928711,-0.3461914,-0.12158203,-0.34423828,0.19140625,0.15576172,-0.057617188,0.07861328,0.2919922,0.82666016,0.6923828,0.69873047,1.6704102,0.7338867,-0.3696289,-0.6621094,-0.39160156,-0.13671875,-0.23242188,0.014160156,0,0,0,0,0
-1,-0.21142578,0.31933594,0.9848633,0.7915039,0.6347656,0.8515625,-1.2084961,-2.0356445,-0.6035156,0.9555664,1.324707,2.0942383,0.69970703,-0.20458984,-0.56933594,-0.38671875,-0.39794922,-0.26757812,-0.17822266,-0.18408203,-0.10058594,0.009277344,0.16748047,-0.083984375,0.041015625,0.009765625,0.32080078,0.38232422,0.63378906,0.59277344,1.2324219,0.41552734,-0.8256836,-0.75390625,-0.12646484,-0.119140625,-0.3125,-0.28564453,0,0,0,0,0,0
-1,0.0546875,0.27783203,0.6953125,1.0795898,0.6982422,0.47021484,0.41503906,-2.0493164,-2.307129,0.078125,0.9506836,2.055664,1.8876953,0.46875,-0.44921875,-0.6484375,-0.703125,-0.50097656,-0.35498047,-0.28857422,-0.11816406,-0.110839844,-0.15234375,0.21826172,0.28466797,0.14941406,0.17285156,0.4716797,0.609375,1.0947266,1.3251953,1.0742188,-0.55908203,-1.0063477,-0.7114258,0.061523438,-0.2763672,0.080078125,0,0,0,0,0,0
-1,-0.12646484,-0.021484375,0.7495117,0.9375,0.9267578,0.64501953,0.7626953,-1.3745117,-1.890625,-0.21972656,1.1196289,1.5283203,1.8535156,0.79003906,-0.31884766,-0.8613281,-0.77490234,-0.58251953,-0.37353516,-0.30371094,0.068847656,-0.09277344,0.14892578,-0.046875,0.04638672,0.33154297,0.23535156,-0.00048828125,0.40039062,0.9760742,1.3066406,1.3237305,-0.265625,-0.86572266,-0.6381836,-0.083496094,-0.16699219,-0.17138672,-0.22314453,0,0,0,0,0
-1,0.103515625,0.43164062,1.2226562,1.0742188,0.71533203,0.81396484,0.3725586,-2.2714844,-2.3911133,-0.37060547,1.027832,1.5136719,1.6176758,0.5180664,-0.40429688,-0.5576172,-0.7788086,-0.46826172,-0.44580078,-0.4038086,-0.40429688,0.079589844,-0.11376953,0.29101562,0.33984375,0.3173828,0.119628906,0.32226562,0.80859375,0.17773438,1.6328125,0.76953125,-0.67871094,-0.91503906,-0.8457031,-0.08544922,-0.122558594,-0.09423828,0,0,0,0,0,0
-1,-0.0625,0.2685547,0.78759766,1.0107422,0.70751953,0.8901367,0.18554688,-1.8842773,-1.7490234,-0.061523438,1.0239258,1.5151367,1.7617188,0.21826172,-0.55126953,-0.7207031,-0.5517578,-0.3803711,-0.2211914,-0.18554688,-0.18017578,-0.016113281,0.31884766,0.16113281,0.10839844,-0.10888672,-0.119140625,0.265625,0.42773438,0.64746094,1.0522461,1.3774414,0.69921875,-0.067871094,-0.91503906,-1.0014648,-0.04736328,0.10449219,0.021972656,0,0,0,0,0
-1,0.13476562,0.42285156,0.9550781,0.96777344,0.88720703,0.10546875,-1.1489258,-1.3222656,0.74902344,1.0712891,1.574707,1.3857422,-0.18115234,-0.7241211,-0.7661133,-0.50634766,-0.38623047,-0.35058594,-0.33935547,-0.2915039,-0.19726562,-0.10205078,-0.34326172,-0.0048828125,0.37060547,0.21777344,0.15576172,0.60595703,0.7050781,0.21777344,1.9443359,0.9633789,-0.3779297,-0.8286133,-0.66796875,-0.35107422,-0.5488281,-0.46923828,0,0,0,0,0,0
-1,0.25927734,0.53564453,0.88720703,1.1552734,0.7373047,0.44482422,0.3330078,-2.3486328,-2.0561523,-0.1640625,2.1479492,1.7050781,2.241211,0.50097656,-0.49414062,-0.9902344,-0.7788086,-0.3149414,-0.17822266,-0.08642578,-0.032226562,-0.13720703,-0.16455078,-0.29638672,-0.32226562,-0.24365234,-0.20507812,0.12207031,0.3564453,-0.024902344,0.9448242,1.0297852,0.4658203,-0.37451172,-0.75097656,-0.5878906,0.030761719,-0.17382812,-0.19482422,0,0,0,0,0
-1,0.3256836,0.6665039,1.0839844,1.0317383,0.6748047,0.77783203,0.22509766,-2.7519531,-2.5454102,-0.83496094,1.2255859,1.722168,1.8549805,0.5180664,-0.3486328,-0.42626953,-0.6933594,-0.2631836,-0.24853516,-0.30566406,-0.29248047,-0.2631836,-0.16308594,0.28808594,0.3857422,0.25634766,0.3935547,0.60253906,0.76953125,0.79003906,1.1445312,0.95458984,0.3720703,-1.0224609,-1.0400391,-0.72558594,-0.2758789,-0.25146484,-0.2084961,0,0,0,0,0
-1,-0.27734375,-0.032714844,0.83251953,1.2983398,0.8925781,0.7216797,1.3803711,-0.052246094,-2.6401367,-1.4550781,0.2475586,1.1391602,2.2871094,1.2431641,-0.09033203,-0.8222656,-0.8051758,-0.48388672,-0.19580078,-0.31054688,-0.16015625,-0.13085938,-0.13720703,0.24267578,-0.03955078,0.00048828125,0.22558594,0.2553711,0.37451172,0.9189453,0.29589844,1.4077148,0.734375,-0.39013672,-0.7675781,-0.6298828,-0.17480469,-0.2783203,-0.43115234,0,0,0,0,0
-1,0.079589844,0.44873047,0.8881836,1.2226562,0.96875,0.6254883,-1.2685547,-2.1289062,-1.7045898,0.4326172,2.1518555,2.555664,1.402832,0.17773438,-0.5288086,-0.6254883,-0.48828125,-0.17285156,-0.2705078,-0.30810547,-0.25341797,-0.072265625,0.046875,-0.16308594,0.029296875,-0.057128906,-0.11230469,0.2446289,0.70654297,0.41064453,1.8051758,1.0595703,-0.14501953,-0.76416016,-0.7055664,-0.2211914,-0.18798828,-0.23486328,0,0,0,0,0,0
-1,0.029785156,0.1977539,0.7426758,1.3481445,1.1000977,0.86279297,0.9350586,-1.7783203,-2.4135742,-0.21289062,1.9331055,2.180664,2.7026367,0.44140625,-0.65625,-0.91064453,-1.09375,-0.83203125,-0.5776367,-0.37939453,-0.25048828,-0.09716797,-0.16552734,0.0063476562,0.15625,0.20703125,0.19433594,0.4609375,0.59814453,1.1933594,0.8798828,0.7216797,-0.18603516,-0.7026367,-0.7602539,-0.5644531,-0.40234375,-0.20751953,0,0,0,0,0,0
-1,-0.31884766,0.21679688,1.2807617,1.0634766,0.53808594,0.6352539,0.30517578,-2.3208008,-2.194336,-0.049316406,0.67285156,1.5351562,1.2856445,0.16113281,-0.6972656,-0.79541016,-0.63720703,-0.27734375,-0.25341797,-0.0546875,-0.043945312,0.20507812,0.0107421875,0.1928711,0.30908203,0.17285156,0.3330078,0.47460938,0.8432617,0.9628906,1.5039062,0.24951172,-0.8876953,-0.62939453,-0.29345703,0.083496094,-0.1694336,-0.10839844,0,0,0,0,0,0
-1,-0.1616211,0.025390625,0.5683594,0.9863281,1.1157227,0.19433594,-1.4663086,-1.9584961,0.33691406,1.7539062,2.2236328,2.4423828,0.4326172,-0.7895508,-1.293457,-1.3154297,-0.75341797,-0.30664062,-0.19482422,-0.061035156,-0.021484375,0.046875,0.39648438,0.030761719,0.,0.1015625,0.55126953,0.21923828,0.67822266,0.5395508,1.1298828,0.2836914,-0.81640625,-1.0883789,-1.0395508,-0.30078125,-0.4453125,-0.087890625,0,0,0,0,0,0
-1,0.36523438,0.6542969,1.0112305,0.98828125,0.87158203,0.9667969,-0.19726562,-2.6953125,-1.9291992,0.89697266,1.7631836,2.697754,1.8583984,0.18554688,-0.7260742,-1.0874023,-1.0112305,-0.70703125,-0.578125,-0.3461914,-0.16699219,0.103515625,0.24511719,0.04296875,0.12109375,0.28564453,0.22167969,0.31689453,0.62109375,0.24902344,1.1411133,0.34326172,-0.9091797,-0.9091797,-0.77734375,-0.17822266,-0.39892578,-0.00390625,0,0,0,0,0,0
-1,0.25341797,0.59472656,0.9790039,1.105957,0.63964844,0.5673828,0.014160156,-2.708496,-2.631836,-0.23730469,1.6333008,2.0048828,1.6767578,0.23925781,-0.46435547,-0.87402344,-0.5097656,-0.60839844,-0.46826172,-0.39013672,-0.12158203,0.06640625,0.01171875,0.09423828,0.040527344,0.26416016,0.3798828,0.37158203,0.85009766,0.37597656,1.2436523,0.34716797,-0.75341797,-0.72998047,-0.4501953,-0.020019531,-0.29833984,-0.31152344,0,0,0,0,0,0
-1,0.22558594,0.6142578,0.89501953,0.9995117,0.9121094,0.98828125,0.6401367,-1.8759766,-3.0703125,-0.90283203,1.0820312,1.8764648,2.6918945,0.6513672,-0.31103516,-0.6411133,-0.8964844,-0.6152344,-0.46875,-0.3642578,-0.1694336,-0.3178711,-0.115234375,-0.17822266,0.17822266,-0.04248047,0.17041016,0.20751953,0.67626953,0.76123047,1.1074219,0.93847656,0.45458984,-0.6176758,-0.6225586,-0.46972656,0.0625,0.23632812,-0.0234375,0,0,0,0,0
-1,0.09863281,0.5966797,0.74072266,0.91503906,0.68896484,0.59228516,-1.1142578,-2.409668,-1.3496094,0.9560547,2.614746,2.8623047,1.0566406,-0.1381836,-0.8022461,-0.84521484,-0.32958984,-0.024902344,0.061523438,0.092285156,0.24658203,-0.029785156,-0.018554688,0.3251953,-0.13476562,-0.1015625,0.2290039,0.5493164,0.6875,0.85595703,1.1010742,0.5932617,-0.7578125,-1.0668945,-0.93115234,-0.17285156,-0.7373047,-0.5722656,0,0,0,0,0,0
-1,0.20751953,0.45361328,0.93408203,0.7998047,0.46826172,0.39111328,0.87646484,-0.8925781,-2.9765625,-1.,0.64404297,1.8442383,1.8476562,0.9814453,-0.018066406,-0.41259766,-0.9428711,-0.2705078,-0.13623047,-0.1821289,-0.2578125,-0.12060547,-0.14746094,-0.08886719,0.20458984,-0.0234375,0.40820312,-0.07861328,0.3857422,1.0634766,1.2202148,1.6323242,0.2524414,-0.9458008,-0.6699219,-0.43164062,0.16503906,0.1665039,0,0,0,0,0,0
-1,-0.091308594,0.061523438,0.50390625,1.0859375,1.0620117,0.8847656,1.1425781,-0.8955078,-2.9228516,-1.234375,1.2387695,1.8442383,2.9345703,0.99609375,-0.11767578,-0.57666016,-0.64404297,-0.5371094,-0.33496094,-0.26953125,-0.38085938,-0.43408203,-0.045898438,-0.0087890625,-0.026855469,-0.04248047,0.14355469,0.375,0.7060547,0.80810547,0.7753906,1.6582031,0.12890625,-0.72558594,-0.5390625,-0.1875,0.04736328,-0.1274414,-0.12646484,0,0,0,0,0
-1,-0.078125,0.11816406,0.5253906,0.97216797,0.77734375,0.5996094,0.7192383,-1.1479492,-2.022461,-0.76660156,1.1811523,1.7124023,2.2905273,0.42236328,-0.48632812,-0.71484375,-0.73291016,-0.53222656,-0.33496094,-0.14355469,-0.25732422,-0.015625,-0.15820312,-0.18164062,-0.08886719,-0.18359375,0.32373047,0.28222656,0.67285156,1.2006836,0.44091797,1.9853516,0.67529297,-0.7504883,-0.7895508,-0.6010742,-0.14111328,-0.4711914,-0.1928711,0,0,0,0,0
-1,-0.2055664,0.22363281,0.9223633,0.87402344,0.69677734,0.8725586,0.24609375,-2.4033203,-2.5864258,-0.25732422,1.3994141,2.0395508,1.9614258,0.17382812,-0.5341797,-1.121582,-0.9609375,-0.45361328,-0.40527344,-0.35351562,-0.24951172,0.08300781,0.26660156,0.12988281,0.18457031,0.19384766,0.42578125,0.9746094,0.60546875,0.984375,0.79248047,1.4868164,0.20996094,-1.215332,-1.0712891,-0.67822266,-0.4921875,-0.4453125,-0.42138672,0,0,0,0,0
-1,-0.016601562,-0.015136719,0.37646484,0.91308594,0.87646484,0.68066406,0.94970703,-0.60302734,-2.5488281,-1.8725586,0.43359375,1.9375,2.347168,1.4199219,0.018066406,-0.57666016,-0.7392578,-0.6791992,-0.3930664,-0.3828125,-0.43945312,-0.26757812,0.15136719,-0.04296875,0.107421875,0.037597656,0.095703125,0.4663086,0.3935547,0.48632812,-0.029785156,1.269043,0.40283203,-1.0219727,-1.0083008,-0.9873047,-0.18652344,-0.16552734,-0.23242188,0,0,0,0,0
-1,0.08496094,0.2397461,0.57910156,0.67822266,0.55029297,0.57958984,-1.2509766,-1.9594727,-0.9121094,1.043457,2.135254,2.3500977,0.8129883,-0.41015625,-0.84033203,-0.9711914,-0.39111328,-0.35253906,-0.20214844,-0.17382812,-0.18457031,0.0146484375,-0.16357422,0.0034179688,-0.06933594,0.13964844,0.36767578,0.23291016,0.7709961,0.98291016,1.4746094,-0.3178711,-0.62597656,-0.69921875,-0.6801758,-0.2163086,-0.40722656,-0.08154297,0,0,0,0,0,0
-1,-0.2788086,0.19238281,0.78222656,0.8696289,0.6533203,0.41308594,0.5449219,-2.418457,-2.8310547,-0.045410156,1.3828125,2.3652344,2.0673828,0.25634766,-0.62939453,-1.0424805,-0.79003906,-0.3413086,-0.37158203,-0.36865234,0.12695312,-0.09667969,0.11816406,0.36523438,0.33203125,0.12402344,0.11621094,0.5341797,0.5756836,0.64746094,1.5244141,-0.0048828125,-1.21875,-1.2324219,-0.7871094,-0.068359375,-0.021972656,0.115722656,0,0,0,0,0,0
-1,-0.2290039,-0.0014648438,0.5131836,0.80615234,0.8066406,0.8251953,-0.01953125,-1.5009766,-1.7109375,0.25390625,1.3813477,2.1240234,1.6831055,-0.21728516,-0.7392578,-0.91259766,-0.875,-0.6430664,-0.4951172,-0.3701172,-0.059570312,-0.053222656,0.20898438,-0.08984375,0.2548828,0.2397461,0.36035156,0.22607422,1.1210938,1.9033203,1.4140625,-0.17529297,-0.7475586,-0.75,-0.5053711,-0.17871094,-0.34277344,-0.099121094,0,0,0,0,0,0
-1,-0.24023438,0.030761719,0.7104492,1.0766602,0.72216797,0.6333008,-0.53125,-1.4975586,-1.7412109,0.55615234,1.1455078,1.8969727,0.9785156,-0.39892578,-0.84228516,-1.0371094,-0.71728516,-0.29541016,-0.25927734,-0.12451172,-0.063964844,-0.10595703,0.22167969,0.18017578,0.22167969,0.087890625,0.39746094,0.76464844,0.9736328,0.90478516,1.4047852,0.5107422,-1.140625,-1.090332,-0.8696289,-0.15625,-0.19482422,-0.19042969,0,0,0,0,0,0
-1,-0.080078125,0.119140625,0.6899414,0.55859375,0.5576172,0.5161133,0.8989258,-1.4545898,-1.9887695,-0.06542969,1.1396484,2.0605469,2.3666992,0.45996094,-0.47607422,-0.60009766,-0.4951172,-0.26513672,-0.13916016,-0.123535156,-0.15722656,-0.24853516,-0.26367188,-0.0078125,-0.041503906,0.11230469,0.19189453,0.11328125,0.6635742,1.0385742,1.0888672,0.65966797,-0.82470703,-0.63378906,-0.72558594,0.47705078,0.42578125,0.29345703,0,0,0,0,0,0
-1,-0.2841797,-0.16748047,0.35986328,1.0576172,0.85253906,0.6894531,1.21875,0.07373047,-2.003418,-0.94140625,0.19677734,1.2084961,1.7958984,0.7871094,-0.13720703,-0.6225586,-0.5566406,-0.14941406,-0.115722656,-0.103027344,-0.07373047,0.421875,0.09326172,0.084472656,0.14550781,-0.041503906,0.18017578,0.4638672,-0.28955078,0.4975586,1.1108398,1.2338867,1.2939453,-0.29785156,-0.9560547,-0.8798828,0.0048828125,-0.029785156,-0.18066406,0,0,0,0,0
-1,0.022460938,0.18310547,0.7001953,0.97509766,0.7236328,0.9819336,-0.083496094,-2.2353516,-1.6166992,-0.088378906,1.9912109,2.2456055,1.2436523,0.21582031,-0.099609375,-0.29296875,-0.29052734,-0.13330078,0.032714844,-0.140625,0.14404297,0.02734375,0.059570312,0.23095703,0.078125,-0.10253906,0.064941406,0.001953125,0.75683594,1.0751953,1.3432617,-0.29589844,-1.2958984,-1.1157227,-0.77734375,0.2607422,-0.076171875,0.2265625,0,0,0,0,0,0
-1,0.5673828,0.74853516,0.9848633,0.74609375,0.22216797,0.39892578,0.4970703,-2.9726562,-2.5805664,-0.3466797,2.1245117,2.1401367,1.8652344,0.4296875,-0.53808594,-0.7397461,-0.8754883,-0.21044922,-0.24121094,-0.38378906,-0.19873047,-0.33691406,-0.24414062,0.16503906,-0.04248047,0.16992188,0.09814453,0.10058594,0.43017578,1.1079102,1.6879883,0.5234375,-0.52734375,-0.7006836,-0.84375,0.115234375,-0.026855469,-0.1381836,-0.04736328,0,0,0,0,0
-1,-0.2084961,0.12548828,0.72753906,0.89404297,0.79052734,0.44628906,0.91552734,0.041503906,-2.2578125,-1.6049805,0.060546875,1.2265625,2.128418,1.112793,-0.1899414,-0.8623047,-0.80810547,-0.5600586,-0.34277344,-0.23242188,-0.3383789,-0.20166016,-0.087402344,0.045898438,0.083984375,0.19970703,-0.017578125,0.35546875,1.0136719,0.9458008,0.92333984,0.84375,-0.28222656,-0.38085938,-0.75439453,-0.15625,0.08984375,-0.13134766,-0.08984375,0,0,0,0,0
-1,-0.20361328,0.17382812,1.0571289,0.95751953,0.5620117,0.73535156,-0.119140625,-2.6074219,-2.053711,0.38330078,1.5239258,2.503418,1.4428711,-0.00390625,-0.73046875,-0.8330078,-0.6982422,-0.4663086,-0.2836914,-0.16015625,-0.04736328,-0.2265625,-0.16259766,0.33984375,0.1274414,0.31347656,0.44677734,0.6064453,0.5883789,1.1582031,1.3271484,0.48291016,-0.70410156,-0.90625,-0.7866211,-0.05078125,0.080078125,-0.40722656,0,0,0,0,0,0
-1,-0.24560547,0.0048828125,0.4897461,1.1025391,0.6533203,0.9248047,-0.6826172,-2.0424805,-1.0517578,0.9326172,1.3369141,2.8110352,1.0610352,-0.21679688,-0.59814453,-0.8183594,-0.5498047,-0.38134766,-0.22998047,-0.099121094,-0.08935547,-0.064941406,-0.06201172,0.25097656,0.028808594,0.12792969,0.60253906,0.3251953,0.8666992,1.1430664,0.7265625,-0.025878906,-0.8725586,-0.88134766,-0.61376953,-0.26757812,-0.29248047,-0.2319336,0,0,0,0,0,0
1,-0.3310547,-0.44140625,-0.63671875,-0.8378906,-0.5888672,-0.99853516,-0.6616211,1.5874023,3.130371,1.5683594,-1.1420898,-2.4453125,-1.4379883,-0.47998047,0.24414062,0.7636719,0.74365234,0.7583008,1.0092773,0.99853516,0.6772461,0.45214844,0.39648438,-0.1850586,-0.25976562,-0.12548828,-0.63720703,-0.56884766,-0.7475586,-0.69873047,-0.44726562,-0.1484375,0.4345703,0.7734375,1.0078125,0.25097656,0.35107422,0.33154297,0,0,0,0,0,0
1,-0.060546875,-0.2290039,-0.45703125,-0.6381836,-0.4423828,-1.2675781,-0.93603516,1.5361328,3.0107422,1.5893555,-0.87597656,-1.9794922,-1.4541016,-0.22216797,0.39892578,0.7475586,0.43017578,0.29785156,0.53125,0.4296875,0.3046875,0.4580078,0.043945312,0.13232422,0.19433594,-0.06298828,-0.43701172,-0.62402344,-0.64746094,-0.74560547,-0.4091797,0.31933594,0.22705078,0.51220703,0.71191406,-0.055664062,-0.084472656,0.09863281,0,0,0,0,0,0
1,-0.21435547,-0.27246094,-0.48388672,-0.5029297,-0.63671875,-1.0336914,1.0371094,2.515625,2.0444336,-0.22070312,-1.8979492,-2.2875977,-0.83691406,-0.024902344,0.31396484,0.68310547,0.55078125,0.5180664,0.5761719,0.50878906,0.3017578,0.106933594,0.05078125,0.115722656,0.18554688,0.05859375,-0.2944336,-0.5620117,-0.52197266,-0.3071289,0.09863281,0.62060547,0.88378906,1.0463867,0.049316406,-0.19873047,-0.19091797,0,0,0,0,0,0,0
1,-0.1459961,-0.2944336,-0.43701172,-0.63916016,-1.0454102,-0.036621094,2.336914,2.703125,0.49169922,-1.9165039,-2.8481445,-1.6328125,-0.4189453,0.24511719,0.5883789,0.56152344,0.45507812,0.39794922,0.49316406,0.36865234,0.140625,0.16308594,-0.052246094,-0.18652344,0.015625,-0.12109375,-0.4169922,-0.18066406,-0.43847656,-0.37353516,-0.08251953,0.69433594,1.0483398,1.1044922,0.49658203,0.43652344,0.44335938,0.6484375,0,0,0,0,0,0
1,0.13623047,-0.041015625,-0.5986328,-0.8095703,-0.8300781,-0.7949219,0.76416016,2.3955078,2.1953125,-0.25341797,-1.534668,-2.2280273,-0.78466797,0.14697266,0.5625,1.0288086,0.6557617,0.81933594,0.9526367,0.6723633,0.8354492,0.1850586,0.115722656,-0.1821289,-0.51464844,-0.36279297,-0.5986328,-0.59814453,-0.66552734,-0.53515625,-0.34814453,-0.100097656,0.5708008,0.7011719,-0.041992188,0.043945312,-0.16455078,0,0,0,0,0,0,0
1,-0.13085938,-0.28564453,-0.7607422,-0.8203125,-1.4545898,-1.0014648,1.2036133,2.2421875,1.3129883,-0.6542969,-1.9150391,-1.9580078,-0.75,0.08984375,0.55322266,0.9038086,0.39990234,0.61328125,0.7080078,0.8701172,0.123046875,0.63427734,0.43408203,0.3125,0.0703125,-0.30371094,-0.30517578,-0.5854492,-0.29638672,-0.4350586,-0.023925781,0.20117188,0.74365234,0.8203125,0.11621094,0.114746094,0.08496094,0,0,0,0,0,0,0
1,0.014160156,-0.35205078,-0.57714844,-0.7973633,-0.6279297,-1.269043,-1.0776367,0.66796875,3.666504,2.2475586,-0.89404297,-1.9560547,-2.1064453,-1.0473633,-0.17529297,0.71728516,0.58496094,0.6303711,0.7182617,0.9511719,0.6816406,0.35009766,0.5625,-0.0087890625,0.20507812,-0.19042969,-0.31835938,-0.53466797,-0.7861328,-0.42285156,-0.32666016,0.068847656,0.48486328,1.2636719,1.0039062,-0.015136719,-0.19824219,-0.33007812,-0.21142578,0,0,0,0,0
1,-0.28564453,-0.44482422,-0.7602539,-0.72509766,-1.3540039,-0.31884766,1.5727539,2.418457,1.3251953,-0.87353516,-2.2470703,-1.2783203,-0.32910156,0.15234375,0.5595703,0.43359375,0.5913086,0.8564453,0.98339844,0.5625,0.23535156,0.47314453,0.27001953,-0.375,-0.46484375,-0.65234375,-0.5678711,-0.15576172,-0.24951172,0.080566406,0.92089844,0.7651367,0.79052734,0.114746094,0.115234375,0.0546875,0,0,0,0,0,0,0,0
1,0.080078125,-0.014160156,-0.25878906,-0.62939453,-0.5727539,-1.3652344,-1.3857422,0.25878906,2.2514648,2.8305664,0.359375,-1.5888672,-2.133789,-0.99658203,0.07324219,0.5605469,0.70703125,0.67626953,0.73339844,0.79003906,0.4794922,0.50683594,0.4194336,0.1328125,-0.14648438,-0.25732422,-0.40283203,-0.7001953,-0.7446289,-0.5161133,-0.23583984,0.041503906,0.5180664,0.5126953,0.79345703,0.05908203,0.018066406,-0.12646484,0,0,0,0,0,0
1,-0.22314453,-0.36669922,-0.7158203,-0.7578125,-1.5185547,-1.0209961,0.97216797,1.6342773,2.0083008,0.05908203,-1.9555664,-1.71875,-0.68847656,0.3022461,0.64941406,0.8120117,0.7397461,0.62890625,0.91845703,0.578125,0.7597656,-0.24804688,0.17480469,-0.053710938,-0.20898438,-0.53515625,-0.78125,-0.53027344,-0.17138672,-0.04296875,0.37890625,0.6850586,0.8857422,0.8129883,0.24121094,0.07373047,0.103515625,0,0,0,0,0,0,0
1,-0.09423828,-0.02734375,-0.29541016,-0.72558594,-0.76464844,-0.47021484,-1.4433594,-0.5175781,2.0512695,3.2680664,1.8125,-0.82910156,-2.7270508,-1.6557617,-0.56933594,0.27392578,0.81591797,0.79052734,0.7573242,0.8857422,0.9238281,0.7167969,0.49169922,0.17919922,0.064941406,-0.19189453,-0.15478516,-0.36035156,-0.7416992,-0.7890625,-0.45996094,-0.32763672,0.064453125,0.52246094,1.0708008,0.98876953,0.11425781,-0.005859375,-0.0625,0,0,0,0,0
1,0.021972656,-0.12792969,-0.44580078,-0.32373047,-1.1367188,-1.1191406,0.5996094,1.84375,1.8613281,0.46923828,-1.8681641,-2.1860352,-1.0141602,-0.041015625,0.34277344,0.55371094,0.52197266,0.50390625,0.6923828,0.6713867,0.25927734,0.4741211,-0.078125,-0.07861328,-0.27148438,-0.3022461,-0.39453125,-0.50878906,-0.34033203,-0.2397461,-0.06933594,0.51123047,0.5996094,0.94433594,0.07519531,0.036621094,0.029296875,0.13476562,0,0,0,0,0,0
1,-0.46923828,-0.62841797,-0.82421875,-0.8310547,-1.2543945,-1.1728516,0.71972656,2.3574219,2.4814453,0.36865234,-1.8144531,-1.6713867,-0.5488281,0.35742188,0.6225586,0.7480469,0.4819336,0.6923828,0.6269531,0.62109375,0.18603516,0.5644531,-0.087402344,0.06689453,0.064941406,-0.47607422,-0.55322266,-0.6977539,-0.68603516,-0.5004883,-0.26904297,0.2685547,0.68603516,1.1708984,0.06982422,0.10498047,0.25927734,0,0,0,0,0,0,0
1,-0.19482422,-0.19628906,-0.4086914,-0.796875,-0.8286133,-1.2709961,-0.21386719,1.5991211,2.4594727,1.2626953,-1.1318359,-2.411621,-0.8911133,0.046875,0.7290039,1.2993164,0.7363281,0.71777344,0.7519531,0.9194336,0.1821289,0.77001953,0.036621094,-0.04296875,0.020019531,-0.07470703,-0.33642578,-0.46142578,-0.50683594,-0.2397461,-0.3540039,-0.11328125,0.4116211,0.8105469,0.21679688,0.075683594,0.083496094,0.3256836,0,0,0,0,0,0
1,-0.2084961,-0.23535156,-0.39111328,-0.45410156,-0.47753906,-1.2607422,-0.1772461,2.4433594,2.7509766,0.7446289,-1.6137695,-2.9707031,-1.1489258,0.107421875,0.65283203,1.0083008,0.43896484,0.7285156,0.9448242,0.81347656,0.4482422,0.6303711,-0.015625,-0.123535156,-0.29052734,-0.4609375,-0.76464844,-0.76123047,-0.45654297,-0.38964844,-0.099609375,0.36083984,1.1318359,0.7553711,-0.056152344,-0.21191406,-0.27734375,0,0,0,0,0,0,0
1,-0.43115234,-0.42578125,-0.6586914,-0.44873047,-0.8955078,-1.1713867,0.58691406,2.650879,2.6328125,0.390625,-1.9165039,-2.3046875,-1.0517578,-0.043945312,0.28515625,0.24560547,-0.008300781,0.29345703,0.68408203,0.3696289,0.6538086,0.07519531,0.18847656,-0.1821289,-0.20898438,-0.40625,-0.7504883,-0.8203125,-0.62841797,-0.25585938,0.1274414,0.7167969,1.2373047,0.94628906,0.1352539,0.0078125,0.079589844,0,0,0,0,0,0,0
1,-0.23486328,-0.18798828,-0.47021484,-0.54589844,-0.39404297,-1.2441406,-0.7260742,1.3193359,2.1606445,1.0048828,-1.3037109,-2.7055664,-1.0498047,-0.05859375,0.3696289,0.35986328,0.47705078,0.4584961,0.5751953,0.5786133,0.38427734,0.35498047,0.03125,-0.17578125,-0.30029297,-0.45458984,-0.734375,-0.68310547,-0.5566406,-0.38085938,-0.06591797,0.1850586,0.6948242,0.7597656,0.06201172,0.10449219,0.029785156,0,0,0,0,0,0,0
1,-0.20751953,-0.21875,-0.29736328,-0.3876953,-0.40283203,-0.6376953,-1.3134766,-0.2109375,2.9453125,3.7646484,0.33447266,-2.1894531,-2.8603516,-1.6474609,-0.4345703,0.4814453,0.60058594,0.62890625,0.98583984,1.1254883,0.7841797,0.42822266,0.35888672,-0.40820312,-0.3984375,-0.07421875,-0.35742188,-0.48095703,-0.5498047,-0.28125,-0.1694336,0.27441406,1.1132812,1.0576172,1.1401367,0.064941406,-0.23583984,-0.31884766,0,0,0,0,0,0
1,-0.10839844,-0.27734375,-0.7504883,-0.68359375,-0.8847656,-1.2871094,0.06640625,1.4584961,1.7080078,0.859375,-1.3666992,-2.0610352,-0.90185547,-0.049804688,0.38378906,0.45507812,0.61816406,0.37841797,0.69677734,0.5776367,0.43652344,0.37890625,-0.21191406,0.34375,0.09033203,-0.1928711,-0.37353516,-0.40966797,-0.45654297,-0.3955078,0.03466797,0.8540039,0.58740234,1.1381836,1.1274414,0.24169922,0.0068359375,-0.1616211,0,0,0,0,0,0
1,-0.087890625,-0.10595703,-0.5566406,-0.70751953,-0.5625,-1.2856445,-0.3461914,2.4643555,3.1816406,1.2128906,-1.6547852,-3.0317383,-1.7539062,-0.23535156,0.6411133,1.0175781,0.64941406,0.74560547,0.68896484,0.64160156,0.6191406,0.49853516,0.057128906,-0.19433594,-0.22851562,-0.5913086,-0.2055664,-0.76904297,-0.7792969,-0.40771484,-0.69140625,0.0078125,0.6582031,1.1088867,0.9716797,0.39257812,0.4609375,0.36523438,0,0,0,0,0,0
1,-0.00390625,-0.14941406,-0.33984375,-0.6455078,-0.5957031,-1.2099609,-0.36914062,1.9829102,3.5185547,1.387207,-1.2998047,-2.4711914,-1.0869141,0.10839844,0.5395508,0.80126953,0.42138672,0.4584961,0.4111328,0.90966797,0.4267578,0.45507812,-0.049316406,-0.17871094,-0.4243164,-0.46044922,-0.5522461,-0.63671875,-0.36621094,-0.36523438,0.00048828125,0.55810547,1.0024414,0.9238281,0.21826172,0.114746094,0.25341797,0,0,0,0,0,0,0
1,-0.31152344,-0.096191406,-0.5883789,-0.65527344,-0.37890625,-1.2158203,-0.41601562,1.7158203,2.5966797,1.1142578,-1.590332,-2.6894531,-1.3125,-0.24169922,0.2944336,0.5913086,0.12402344,0.63720703,0.90527344,0.8046875,0.7998047,0.04638672,0.265625,0.053710938,-0.2631836,-0.6479492,-0.69091797,-0.7792969,-0.39746094,-0.31982422,0.0068359375,0.4506836,0.9536133,0.7714844,0.1352539,0.11621094,0.22558594,0,0,0,0,0,0,0
1,-0.0234375,-0.2866211,-0.4008789,-0.51464844,-0.80566406,-1.3583984,0.08251953,1.3500977,2.21875,0.23876953,-1.4770508,-2.2841797,-0.77441406,0.13623047,0.7348633,0.7285156,0.1508789,0.72216797,0.75683594,1.0556641,0.6713867,0.27734375,0.1928711,-0.5332031,-0.3671875,-0.7211914,-0.8666992,-1.0302734,-0.8022461,-0.46533203,0.095214844,0.44189453,0.79541016,0.27441406,0.115722656,0.034179688,0.09863281,0,0,0,0,0,0,0
1,-0.5722656,-0.546875,-0.7998047,-0.64208984,-0.49658203,-0.92089844,0.37890625,2.7368164,3.5297852,0.80322266,-1.4804688,-3.0976562,-1.3701172,-0.34423828,0.04345703,0.28466797,0.22314453,0.3540039,0.484375,0.65234375,0.54003906,0.4609375,0.092285156,0.1977539,-0.13867188,-0.39941406,-0.51220703,-0.46044922,-0.28564453,-0.1694336,0.11376953,0.6928711,1.1967773,0.27392578,0.03125,0.033203125,0.20751953,0,0,0,0,0,0,0
1,0.1665039,-0.076171875,-0.15722656,-0.6123047,-0.65771484,-0.44970703,-1.2636719,0.234375,1.793457,2.0966797,0.52734375,-1.0170898,-2.994629,-1.0737305,-0.18164062,0.1977539,0.66259766,0.27929688,0.33154297,0.8198242,0.8540039,0.7036133,0.1899414,0.25585938,0.1015625,0.13378906,-0.22753906,-0.5058594,-0.64941406,-0.5854492,-0.11767578,-0.032714844,0.2055664,0.8496094,0.60791016,-0.12646484,-0.05029297,-0.091308594,0,0,0,0,0,0
1,-0.12646484,-0.35498047,-0.80566406,-0.6298828,-0.5576172,-1.0087891,-0.109375,1.515625,2.1674805,1.0957031,-1.1992188,-1.8491211,-1.3144531,-0.33496094,0.20996094,0.5541992,0.22314453,0.39257812,0.85595703,0.734375,0.3100586,0.38720703,-0.08251953,-0.055664062,-0.100097656,-0.32226562,-0.4267578,-0.67822266,-0.45654297,0.020507812,-0.06689453,0.41503906,0.9848633,1.0947266,0.13330078,0.0078125,-0.078125,0,0,0,0,0,0,0
1,-0.1928711,-0.3544922,-0.67871094,-0.86621094,-0.7133789,-1.331543,-0.60058594,1.972168,2.9140625,1.484375,-1.2387695,-2.9545898,-1.5639648,-0.38134766,0.29833984,0.8769531,0.34472656,0.51660156,0.7685547,0.69091797,0.7973633,0.40527344,-0.14501953,-0.14208984,-0.19921875,-0.30126953,-0.3408203,-0.46435547,-0.6557617,-0.2783203,-0.03955078,0.37060547,0.7817383,1.2670898,0.09277344,0.08642578,-0.17480469,-0.2055664,0,0,0,0,0,0
1,-0.42138672,-0.5576172,-0.6772461,-0.6064453,-1.3759766,-0.60498047,1.6445312,2.241211,1.9599609,-0.43017578,-2.7475586,-1.8320312,-0.5,0.14160156,0.3828125,0.4897461,0.35791016,0.6381836,0.77441406,0.74121094,0.7402344,0.016113281,0.34277344,-0.034179688,0.046875,-0.52490234,-0.5908203,-0.4868164,-0.044433594,-0.07421875,0.3022461,1.1074219,0.90478516,0.21044922,0.20166016,-0.016601562,0,0,0,0,0,0,0,0
1,-0.23242188,-0.36572266,-0.6411133,-0.4609375,-0.56933594,-0.99609375,0.65625,1.8222656,2.442871,0.6557617,-2.196289,-1.7724609,-0.72021484,0.18017578,0.5439453,0.66845703,0.41210938,0.6816406,0.5942383,0.5834961,0.63134766,0.064941406,0.12451172,-0.068359375,-0.21582031,-0.15771484,-0.57470703,-0.46435547,-0.1430664,-0.10546875,0.35205078,0.6015625,1.1557617,0.8935547,0.2602539,0.05029297,0.08496094,0,0,0,0,0,0,0
1,-0.08154297,-0.14453125,-0.421875,-0.53759766,-0.41992188,-1.5224609,-0.31201172,2.3530273,3.3901367,0.6069336,-1.7524414,-3.3095703,-1.5039062,-0.36621094,0.39257812,0.83984375,0.5234375,0.6879883,0.7397461,0.8354492,0.6816406,0.011230469,0.21972656,0.01171875,-0.29492188,-0.080078125,-0.31347656,-0.4008789,-0.4921875,-0.13378906,-0.08642578,0.47705078,1.0292969,1.1245117,0.9165039,0.1743164,-0.18017578,-0.2788086,0,0,0,0,0,0
1,0.115722656,0.051757812,-0.53027344,-0.7519531,-0.50439453,-0.47314453,-1.5136719,0.34228516,2.1972656,2.8476562,0.6567383,-2.2661133,-1.8925781,-0.8623047,-0.055664062,0.38720703,0.5151367,0.30615234,0.73828125,0.5986328,0.6484375,0.6328125,-0.056152344,0.05419922,-0.23779297,-0.3017578,-0.33789062,-0.6591797,-0.6357422,-0.4013672,-0.14453125,0.53125,0.6069336,1.2368164,0.8803711,-0.04248047,-0.064453125,-0.2290039,0,0,0,0,0,0
1,-0.099121094,-0.14941406,-0.4736328,-0.7216797,-0.6347656,-1.6748047,-0.5732422,1.9926758,3.1484375,1.293457,-1.4282227,-3.1567383,-1.6625977,-0.2421875,0.4326172,0.8901367,0.58203125,0.6074219,0.88916016,0.86035156,0.8886719,0.34570312,-0.091796875,0.026367188,0.0063476562,-0.4345703,-0.55908203,-0.71533203,-0.7060547,-0.40234375,-0.28515625,0.32666016,0.85009766,1.09375,0.7441406,-0.10498047,-0.18554688,-0.24023438,0,0,0,0,0,0
1,-0.19042969,0.0087890625,-0.24804688,-0.5180664,-0.47460938,-1.2573242,-0.28125,2.1567383,3.2705078,1.375,-0.8720703,-2.869629,-1.3242188,-0.20214844,0.13916016,0.4453125,0.2578125,0.45507812,0.6269531,0.5209961,0.15283203,-0.014160156,0.075683594,-0.109375,-0.6015625,-0.6044922,-0.79248047,-0.74316406,-0.56933594,-0.13769531,0.06689453,0.40478516,0.78125,1.1430664,0.07861328,-0.06347656,-0.080078125,0,0,0,0,0,0,0
1,0.29345703,-0.36279297,-0.3334961,-0.70703125,-0.73535156,-0.75341797,-1.5493164,0.09472656,2.4550781,2.9814453,0.6455078,-2.2827148,-2.0336914,-1.1289062,-0.14648438,0.36865234,0.74658203,0.18896484,0.6118164,0.7363281,0.8383789,0.40966797,0.04345703,0.03466797,0.07470703,-0.27148438,-0.4165039,-0.3017578,-0.6616211,-0.56103516,-0.28857422,-0.14453125,0.24560547,0.48779297,0.7080078,-0.2758789,-0.2602539,-0.2841797,0,0,0,0,0,0
1,-0.18066406,-0.58691406,-0.5859375,-0.66015625,-0.66748047,-1.4272461,-0.5576172,1.5263672,3.1801758,1.2792969,-0.7104492,-2.713379,-1.4360352,-0.5209961,0.110839844,0.4741211,0.33691406,0.0126953125,0.50097656,0.64941406,0.66552734,0.04248047,0.18164062,0.3046875,-0.2578125,-0.27001953,-0.4140625,-0.60791016,-0.640625,-0.3623047,-0.22705078,0.16308594,0.5332031,0.84228516,0.12207031,-0.09033203,-0.08154297,0.022460938,0,0,0,0,0,0
1,0.2265625,-0.07763672,-0.58203125,-0.8935547,-0.5566406,-0.5883789,-0.79345703,1.7026367,3.2094727,1.3803711,-0.23242188,-2.972168,-1.4711914,-0.41992188,0.103027344,0.3725586,0.2783203,0.22607422,0.5644531,0.5175781,0.5366211,-0.0146484375,0.05078125,0.20166016,-0.029785156,-0.17626953,-0.2939453,-0.28320312,-0.38623047,-0.3647461,-0.14941406,0.22851562,0.6816406,0.92529297,0.19335938,0.09326172,0.19140625,0.5673828,0,0,0,0,0,0
1,-0.04736328,-0.11669922,-0.5439453,-0.58203125,-0.33007812,-1.425293,-0.72216797,1.8139648,3.1572266,1.9414062,-0.4399414,-2.7094727,-1.784668,-0.7734375,0.057128906,0.8808594,0.2890625,0.107421875,0.6699219,0.7338867,0.49560547,-0.19091797,-0.00048828125,0.013671875,-0.1328125,-0.21923828,-0.1616211,-0.67822266,-0.5234375,-0.328125,-0.123046875,0.28271484,0.7397461,1.0141602,-0.06738281,-0.053710938,-0.2084961,0,0,0,0,0,0,0
1,-0.08984375,-0.17529297,-0.44433594,-0.7182617,-0.7446289,-1.7436523,-0.62158203,1.6601562,2.975586,1.565918,-1.1098633,-2.7719727,-1.3295898,-0.4501953,0.18798828,0.7211914,0.4506836,0.38671875,1.0224609,0.9057617,0.4736328,0.4609375,0.25439453,-0.2133789,-0.041015625,-0.359375,-0.7138672,-0.6074219,-0.7910156,-0.62597656,-0.044433594,0.1821289,0.7783203,1.1152344,-0.11279297,-0.1850586,-0.37451172,-0.20361328,0,0,0,0,0,0
1,-0.40722656,-0.58935547,-0.76220703,-0.6791992,-0.49121094,-1.1171875,-0.2319336,2.1411133,2.5751953,1.2304688,-2.2070312,-2.381836,-1.0771484,-0.16357422,0.24511719,0.19238281,0.328125,0.3413086,0.9267578,0.9277344,0.5878906,0.20996094,0.4555664,-0.20800781,0.04345703,-0.40576172,-0.7416992,-0.7290039,-0.30810547,-0.40234375,-0.015136719,0.6791992,0.9121094,-0.08300781,-0.06201172,-0.22021484,-0.24560547,0,0,0,0,0,0,0
1,-0.2319336,-0.3310547,-0.6948242,-0.5839844,-0.65283203,-0.65625,0.9082031,1.8647461,2.1450195,0.82177734,-2.4282227,-1.8237305,-0.5629883,0.14111328,0.5048828,0.71728516,0.50146484,0.9321289,1.2099609,0.5854492,0.096191406,0.22460938,-0.18310547,0.16113281,-0.046875,-0.47216797,-0.6254883,-0.61865234,-0.08105469,-0.1274414,0.26757812,0.69873047,1.0292969,0.091796875,-0.01171875,-0.11767578,0.0546875,0,0,0,0,0,0,0
