-1,0.49560547,0.5473633,0.71875,0.5629883,0.118652344,-0.0234375,0.29785156,1.184082,-0.9692383,-3.8881836,-3.3857422,-2.1083984,-0.31933594,0.640625,0.7529297,0.39501953,-0.2915039,-0.4038086,-0.54248047,-0.8701172,-0.9355469,-0.71435547,-0.14501953,0.19580078,0.18554688,0.19384766,0.36279297,0.30810547,0.8129883,-0.20117188,0.10839844,0.28173828,-0.072265625,-0.15673828,-0.05517578,-0.19384766,0,0,0,0,0,0,0,0
-1,0.75,0.99609375,1.0600586,0.5595703,0.036621094,0.01171875,1.4487305,0.8588867,-3.0664062,-4.319336,-3.1445312,-1.2436523,0.053222656,0.72753906,0.40966797,-0.033203125,-0.3569336,-0.19580078,-0.50634766,-0.44433594,-0.49121094,-0.3647461,-0.35986328,-0.31103516,-0.3310547,-0.118652344,0.043945312,0.10644531,0.1665039,0.30615234,-1.2504883,0.10449219,0.12548828,0.078125,0.11328125,-0.123535156,-0.3720703,0,0,0,0,0,0,0
-1,0.3564453,0.7832031,0.9038086,0.2705078,-0.38867188,-1.0444336,-0.58935547,2.3945312,-0.60058594,-3.6899414,-3.630371,-1.3515625,-0.3930664,-0.0024414062,0.17773438,-0.10888672,-0.48046875,-0.43701172,-0.21875,-0.25097656,-0.3959961,-0.47509766,-0.20458984,-0.056152344,0.09326172,0.123535156,0.08691406,-0.038085938,0.10644531,1.1660156,0.44189453,0.828125,0.118652344,0.07714844,-0.064453125,-0.3305664,0,0,0,0,0,0,0,0
-1,0.39892578,0.7104492,0.66503906,0.21533203,-0.22509766,-0.57177734,1.0146484,1.6289062,-2.3261719,-3.4331055,-2.7719727,-1.2124023,-0.11376953,0.21240234,0.15673828,-0.06298828,-0.5107422,-0.3623047,-0.30126953,-0.22998047,-0.29003906,-0.33789062,-0.18017578,-0.030273438,-0.056640625,-0.04248047,0.037597656,0.106933594,0.08105469,0.08496094,1.7797852,0.03466797,-0.068847656,-0.15332031,-0.078125,-0.2421875,0,0,0,0,0,0,0,0
-1,0.4296875,0.54785156,0.54248047,0.076171875,0.07421875,-0.033203125,0.9013672,0.036132812,-3.9174805,-3.8569336,-1.9243164,-0.3696289,0.48046875,0.47998047,0.07373047,-0.3305664,-0.4501953,-0.38720703,-0.32861328,-0.19873047,-0.24707031,-0.21923828,-0.122558594,-0.14013672,-0.13183594,0.12158203,0.29736328,0.08935547,0.8144531,0.14208984,0.33251953,0.39257812,0.029296875,-0.021972656,-0.20458984,-0.6142578,0,0,0,0,0,0,0,0
-1,0.26757812,0.453125,0.890625,0.95654297,0.45751953,0.11816406,-1.1132812,0.09814453,1.6665039,-1.2265625,-3.4467773,-3.2875977,-1.2617188,-0.17626953,0.3930664,0.26171875,-0.09765625,-0.42285156,-0.22753906,-0.12646484,-0.091796875,-0.13720703,-0.2626953,-0.37109375,-0.45361328,-0.43847656,-0.29736328,-0.20117188,0.084472656,0.13769531,-0.12597656,0.2553711,0.0034179688,-0.24853516,-0.13574219,-0.4272461,-0.28125,-0.4970703,0,0,0,0,0,0
-1,0.2265625,0.49560547,0.9770508,0.47607422,0.06689453,-0.7089844,0.05859375,1.5864258,-0.5527344,-3.9980469,-3.5800781,-1.8505859,-0.51416016,0.22949219,0.40820312,0.07519531,-0.34228516,-0.19238281,-0.171875,-0.20800781,-0.29492188,-0.3251953,-0.3540039,-0.37890625,-0.2993164,-0.3310547,0.095703125,0.15136719,-0.067871094,-0.31298828,0.13867188,0.74560547,0.3540039,0.14111328,0.1899414,-0.20214844,-0.3310547,0,0,0,0,0,0,0
-1,0.3544922,0.79052734,1.3588867,1.0219727,0.31933594,0.017089844,0.0234375,1.2177734,-0.6191406,-3.993164,-4.512207,-1.609375,-0.31103516,0.70458984,0.79541016,0.28222656,-0.3515625,-0.5810547,-0.55615234,-0.68603516,-0.6347656,-0.46728516,-0.2631836,0.015136719,0.13085938,0.008300781,0.1694336,0.21777344,0.27148438,0.26220703,0.4399414,0.5083008,0.12695312,-0.20751953,-0.40283203,-0.2421875,-0.203125,0,0,0,0,0,0,0
-1,0.3256836,0.5415039,0.4189453,0.06738281,-0.2626953,-0.6850586,0.2890625,2.5585938,-1.2617188,-4.067871,-3.7172852,-1.6704102,-0.36865234,0.40185547,0.6748047,0.07421875,-0.3203125,-0.115722656,0.0063476562,-0.111816406,-0.16210938,-0.18408203,-0.048339844,-0.19335938,-0.40234375,-0.30664062,-0.20361328,-0.11621094,0.041992188,0.16845703,0.20800781,0.1640625,0.19238281,0.1875,0.08691406,-0.103027344,-0.41210938,0,0,0,0,0,0,0
-1,0.060058594,0.24365234,0.6303711,0.70654297,0.25195312,-0.7060547,-0.66308594,0.25439453,1.6850586,-1.5546875,-3.3813477,-2.9179688,-1.3652344,-0.40039062,0.13183594,0.14453125,0.012207031,-0.3540039,-0.23779297,-0.21240234,-0.35253906,-0.5810547,-0.35009766,-0.10644531,0.067871094,-0.045410156,0.16601562,0.13134766,0.08886719,0.016113281,0.18066406,0.19726562,0.05859375,0.0009765625,-0.1015625,-0.05859375,-0.30273438,0,0,0,0,0,0,0
-1,0.4506836,0.54589844,0.7529297,0.57910156,0.21386719,-0.0073242188,-0.6298828,0.15185547,1.5405273,-1.4682617,-3.4672852,-2.9101562,-1.1074219,0.106933594,0.34472656,0.22021484,-0.05908203,-0.49853516,-0.3178711,-0.43017578,-0.33447266,-0.37597656,-0.34375,-0.052246094,0.01171875,-0.14648438,-0.0073242188,0.03125,0.045898438,0.22070312,0.09033203,-0.27246094,0.59277344,-0.12207031,-0.13720703,0.036621094,-0.12011719,0,0,0,0,0,0,0
-1,0.43798828,0.5810547,0.5083008,0.09423828,0.068359375,-0.41503906,1.097168,-0.25390625,-4.201172,-4.3813477,-1.8852539,-0.37939453,0.2944336,0.43847656,0.07080078,-0.26220703,-0.39160156,-0.2915039,-0.32226562,-0.34570312,-0.3540039,-0.14648438,-0.10498047,-0.11035156,-0.18066406,0.18066406,0.30322266,-0.01953125,-0.3232422,0.4736328,0.122558594,0.27001953,0.011230469,-0.049316406,-0.30615234,-0.52197266,-0.5756836,0,0,0,0,0,0,0
-1,0.45947266,0.7036133,0.7866211,0.41552734,-0.04736328,-0.82666016,-0.14111328,1.9570312,-0.20898438,-4.149414,-4.34375,-2.0654297,-0.76220703,0.28759766,0.6347656,0.3100586,-0.12548828,-0.38964844,-0.1850586,-0.39111328,-0.5283203,-0.57910156,-0.43554688,-0.22558594,-0.02734375,0.04345703,0.1694336,0.3076172,-0.107421875,0.5605469,0.58251953,0.46777344,0.19628906,-0.19189453,-0.13867188,-0.19042969,0,0,0,0,0,0,0,0
-1,0.5595703,0.5566406,0.7553711,0.89941406,0.4350586,0.05126953,-0.21240234,-0.90625,0.46826172,0.80566406,-3.4541016,-3.0185547,-2.1796875,-0.9057617,-0.057128906,0.21240234,-0.046875,-0.38867188,-0.51953125,-0.21240234,-0.09277344,-0.23730469,-0.35546875,-0.30126953,-0.07421875,-0.122558594,-0.038085938,0.044433594,0.1352539,0.08300781,1.9038086,0.38476562,0.4169922,0.06298828,-0.1538086,-0.2524414,-0.2836914,-0.2685547,0,0,0,0,0,0
-1,0.5957031,1.0786133,0.63964844,0.03125,-1.4799805,-0.24169922,2.520996,-0.5834961,-4.3305664,-4.60791,-1.9619141,-0.8305664,0.020996094,0.25585938,-0.08886719,-0.46435547,-0.40625,-0.18603516,-0.14746094,-0.30029297,-0.47607422,-0.34228516,-0.35742188,-0.38085938,-0.10595703,0.015136719,-0.012207031,0.03955078,-0.051757812,0.35302734,0.41210938,0.38867188,0.28271484,0.3071289,0.014160156,-0.1352539,0,0,0,0,0,0,0,0
-1,0.33935547,0.6308594,1.125,0.8535156,0.29638672,0.20800781,-0.46240234,1.2060547,0.92822266,-3.0952148,-3.802246,-2.4238281,-1.1845703,-0.05810547,0.42382812,0.16894531,-0.29052734,-0.54003906,-0.40234375,-0.55078125,-0.57714844,-0.60009766,-0.2524414,-0.12939453,0.11035156,0.12695312,0.28710938,0.45166016,0.5419922,0.028320312,0.86865234,0.43603516,0.2211914,-0.27929688,-0.2553711,-0.07470703,-0.14257812,0,0,0,0,0,0,0
-1,0.8876953,1.1054688,1.0639648,0.45898438,-0.25439453,-1.1855469,-1.1459961,0.064941406,1.3359375,-3.2797852,-2.961914,-1.9228516,-0.8442383,0.022460938,0.17871094,-0.03857422,-0.41259766,-0.3388672,-0.14648438,0.07421875,-0.18457031,-0.43847656,-0.5332031,-0.1484375,-0.19238281,-0.12597656,0.008300781,0.018554688,0.10644531,0.24023438,1.2329102,0.43115234,0.030761719,-0.20947266,-0.18115234,-0.23242188,-0.4140625,0,0,0,0,0,0,0
-1,0.35839844,0.74560547,1.0458984,0.59716797,0.17382812,0.27490234,1.53125,0.6777344,-3.0722656,-3.885254,-3.105957,-1.2744141,0.055664062,0.6254883,0.4584961,-0.10595703,-0.25390625,-0.18408203,-0.37597656,-0.29492188,-0.43554688,-0.43115234,-0.3076172,-0.38183594,-0.3618164,-0.080566406,-0.083984375,-0.049316406,0.048828125,0.9692383,-1.0078125,0.0625,-0.067871094,0.0048828125,-0.059570312,-0.36132812,0,0,0,0,0,0,0,0
-1,0.67089844,1.1035156,0.75097656,-0.05078125,-0.9296875,-0.6923828,1.1386719,0.51123047,-3.9726562,-4.2402344,-2.0761719,-0.74316406,0.45507812,0.72021484,0.31201172,-0.21777344,-0.23779297,-0.13330078,-0.1274414,-0.19238281,-0.421875,-0.41503906,-0.23925781,-0.20263672,-0.037597656,0.13769531,0.1899414,-0.18359375,0.30371094,0.28076172,0.03857422,0.16064453,0.03173828,0.15820312,-0.016113281,-0.3178711,0,0,0,0,0,0,0,0
-1,0.5498047,0.9003906,0.8222656,0.36328125,-0.06542969,-0.84814453,0.,2.0961914,-0.56103516,-3.9765625,-4.335449,-1.3417969,-0.16455078,0.55371094,0.5673828,0.21875,-0.43164062,-0.4375,-0.30273438,-0.24951172,-0.32226562,-0.2836914,-0.29052734,0.04638672,-0.03515625,0.03515625,0.17382812,0.091796875,0.026367188,-0.036621094,0.43798828,0.35839844,0.08935547,-0.1850586,-0.2397461,-0.35595703,-0.6147461,0,0,0,0,0,0,0
-1,0.12597656,0.4765625,0.9633789,1.2045898,0.75390625,0.2602539,-0.8203125,0.31152344,2.1953125,-0.57910156,-3.4453125,-4.803711,-2.3237305,-1.1665039,0.083496094,0.3852539,0.4008789,-0.4267578,-0.6020508,-0.51123047,-0.5703125,-0.6123047,-0.6464844,-0.26513672,0.13134766,0.33203125,0.3647461,0.30908203,0.3334961,1.4228516,0.26757812,0.3725586,0.4267578,-0.05859375,-0.28759766,-0.29492188,-0.44726562,0,0,0,0,0,0,0
-1,0.44873047,0.86328125,1.5527344,0.9169922,0.24121094,-0.48828125,-0.4116211,1.6430664,0.77978516,-3.355957,-3.3364258,-2.0073242,-0.86865234,0.28955078,0.58740234,0.29638672,-0.42382812,-0.7739258,-0.60009766,-0.54785156,-0.58496094,-0.59521484,-0.41601562,-0.22705078,-0.09765625,-0.07861328,0.09423828,0.10498047,0.091796875,0.10888672,0.29345703,0.33447266,0.1796875,-0.23242188,-0.115234375,-0.25,-0.33496094,0,0,0,0,0,0,0
-1,0.27490234,0.60253906,0.83496094,0.31152344,-0.0048828125,-1.0947266,-0.5678711,1.3754883,0.9536133,-2.961914,-3.3569336,-1.8081055,-0.82910156,0.1484375,0.28955078,0.21191406,-0.3701172,-0.5,-0.47753906,-0.45703125,-0.47558594,-0.44726562,-0.109375,0.06591797,-0.045898438,0.08496094,0.14208984,-0.02734375,-0.043945312,0.05419922,-0.6621094,0.14550781,-0.020019531,-0.10839844,-0.14648438,-0.31347656,0,0,0,0,0,0,0,0
-1,0.546875,0.5800781,0.83496094,0.5888672,-0.03857422,-1.1113281,-0.24121094,1.4760742,-0.080078125,-4.053711,-3.5756836,-2.328125,-0.7290039,0.19335938,0.7524414,0.31835938,-0.2836914,-0.40722656,-0.42138672,-0.25878906,-0.38134766,-0.19824219,-0.10205078,0.0087890625,-0.10253906,-0.05029297,0.19873047,0.2319336,0.052246094,0.35205078,0.4873047,0.5410156,-0.0009765625,-0.16455078,-0.43945312,-0.46826172,-0.56591797,0,0,0,0,0,0,0
-1,0.41845703,0.54833984,0.96777344,0.7158203,0.35546875,-0.23242188,-0.6503906,0.7470703,1.9443359,-2.6333008,-3.3710938,-3.2768555,-1.4467773,-0.14990234,0.5859375,0.6118164,0.037597656,-0.4321289,-0.114746094,-0.07128906,-0.29589844,-0.3828125,-0.5957031,-0.37597656,-0.2841797,-0.3203125,-0.12109375,0.037109375,0.13867188,0.21484375,0.08300781,0.40234375,-0.15527344,-0.17138672,-0.11230469,-0.12646484,-0.28710938,-0.4560547,0,0,0,0,0,0
-1,0.6801758,0.89404297,0.8798828,0.42285156,0.21679688,-0.8129883,-0.8955078,0.48388672,1.2080078,-3.2543945,-3.2172852,-2.125,-1.0322266,-0.0146484375,0.21679688,0.08544922,-0.32958984,-0.359375,-0.18408203,-0.09765625,-0.13476562,-0.3491211,-0.33447266,-0.12939453,-0.08886719,-0.095703125,-0.12939453,0.026855469,0.13378906,0.083496094,0.72314453,0.88427734,0.18164062,-0.2055664,-0.3828125,-0.4560547,0,0,0,0,0,0,0,0
-1,0.38867188,0.86035156,0.80371094,0.20800781,-0.5449219,-0.6401367,0.99609375,0.60791016,-3.6889648,-3.284668,-2.2333984,-1.0307617,0.1430664,0.703125,0.3515625,-0.24707031,-0.46484375,-0.1821289,-0.20947266,-0.38378906,-0.2607422,-0.20703125,-0.16064453,-0.030273438,0.064453125,0.12597656,0.3857422,0.39013672,-0.095703125,0.86865234,0.48046875,0.39501953,0.012207031,-0.14404297,-0.25341797,-0.43408203,0,0,0,0,0,0,0,0
-1,0.44726562,1.0385742,0.6430664,0.10107422,-0.16748047,-1.5561523,-1.0410156,1.3251953,-0.43310547,-3.5922852,-3.3686523,-1.5795898,-0.73828125,0.00390625,0.033691406,-0.083496094,-0.20263672,0.00390625,0.2734375,0.14941406,-0.072265625,-0.2788086,-0.33251953,-0.375,-0.32714844,-0.34179688,0.024414062,0.18115234,0.36816406,-0.091796875,0.6635742,0.3857422,-0.13134766,-0.17285156,-0.15673828,-0.24609375,0,0,0,0,0,0,0,0
-1,0.4038086,0.6772461,0.71435547,0.22265625,-0.04248047,-0.6748047,0.2783203,0.99658203,-1.9536133,-3.8164062,-3.1118164,-1.4277344,-0.23632812,0.33691406,0.23046875,-0.09375,-0.32080078,-0.2211914,-0.15722656,-0.1303711,-0.1899414,-0.3203125,-0.060546875,-0.064941406,-0.099121094,0.18603516,0.19873047,0.07470703,0.028320312,0.2265625,0.21142578,0.059570312,0.0068359375,-0.1352539,-0.14257812,-0.27978516,0,0,0,0,0,0,0,0
-1,0.51660156,0.8720703,0.7939453,0.35839844,-0.93652344,-1.0605469,-0.3466797,1.6557617,-0.39404297,-3.605957,-3.133789,-1.7231445,-0.7631836,0.06542969,0.23388672,-0.016601562,-0.45898438,-0.58251953,-0.40625,-0.3076172,-0.44384766,-0.49853516,-0.3173828,0.05126953,0.033203125,-0.05419922,0.08300781,0.17089844,0.06982422,0.29052734,1.355957,0.5107422,0.16064453,-0.22363281,-0.1977539,-0.23291016,-0.22558594,0,0,0,0,0,0,0
-1,0.6274414,1.2558594,0.9848633,0.17529297,0.15771484,-0.22802734,1.1181641,-0.072265625,-4.209961,-4.1713867,-2.1655273,-0.59228516,0.4267578,0.546875,0.05029297,-0.27734375,-0.38183594,-0.27294922,-0.5214844,-0.40966797,-0.5136719,-0.38671875,-0.44482422,-0.3178711,-0.37548828,-0.26416016,0.103515625,0.30566406,0.21875,0.71972656,0.66845703,0.33447266,-0.1928711,-0.11376953,-0.17089844,-0.17382812,0,0,0,0,0,0,0,0
-1,0.7324219,0.9609375,0.8276367,0.27734375,-0.18896484,-0.6035156,-0.69189453,0.25878906,0.9472656,-3.4189453,-3.1450195,-1.9584961,-0.73876953,0.18017578,0.45898438,0.30859375,-0.11279297,-0.13720703,-0.09082031,-0.18408203,-0.3491211,-0.40820312,-0.31445312,-0.0126953125,-0.13427734,-0.15673828,0.0053710938,0.00048828125,0.06933594,0.08935547,0.3725586,0.28173828,0.009765625,-0.18798828,-0.07373047,-0.27148438,-0.43359375,-0.5629883,0,0,0,0,0,0
-1,0.6357422,1.0654297,0.75146484,0.22070312,-0.26660156,-0.8774414,-0.6699219,0.9482422,0.58496094,-2.9506836,-2.184082,-1.8017578,-1.0668945,-0.26904297,0.05908203,0.06591797,-0.28076172,-0.51123047,-0.33691406,-0.18115234,-0.43115234,-0.39697266,-0.123535156,0.07861328,0.13574219,0.0390625,0.083496094,0.0126953125,0.11425781,0.27783203,0.46679688,0.32128906,-0.1328125,-0.25585938,-0.22753906,-0.025878906,-0.18408203,0,0,0,0,0,0,0
-1,0.33447266,0.6357422,1.0766602,0.64990234,0.25,-0.55810547,-0.07763672,1.4428711,-0.4736328,-3.8798828,-4.0561523,-2.2651367,-0.77734375,0.38623047,0.7001953,0.38232422,-0.1381836,-0.13574219,-0.30273438,-0.37304688,-0.4501953,-0.39892578,-0.30615234,-0.10595703,-0.115722656,-0.14697266,-0.060058594,0.018066406,0.20898438,0.2553711,-0.20751953,0.10644531,0.076171875,-0.2290039,-0.19921875,-0.22216797,-0.41503906,-0.3701172,0,0,0,0,0,0
-1,0.62158203,1.2446289,0.91064453,0.30078125,-0.2861328,-0.5317383,-0.06591797,1.2631836,-0.7685547,-3.9990234,-3.4594727,-1.6650391,-0.37548828,0.5263672,0.5776367,0.14746094,-0.31640625,-0.29785156,-0.26220703,-0.3701172,-0.30664062,-0.44970703,-0.3798828,-0.17529297,-0.14697266,-0.10644531,0.028808594,0.03125,-0.1875,0.35253906,0.63427734,0.35498047,-0.036132812,-0.34521484,-0.50683594,-0.56640625,0,0,0,0,0,0,0,0
-1,0.25439453,0.56396484,1.1557617,0.6542969,0.16699219,-0.27001953,-0.95458984,0.10644531,1.9428711,-1.625,-3.847168,-3.7026367,-1.6943359,-0.33935547,0.36865234,0.51171875,0.17382812,-0.30566406,-0.12109375,-0.122558594,-0.13574219,-0.3173828,-0.29785156,-0.11328125,-0.12988281,-0.2607422,-0.024902344,0.18554688,0.030273438,0.0053710938,0.52685547,0.81933594,0.6142578,0.13720703,-0.11328125,-0.3022461,-0.59716797,0,0,0,0,0,0,0
-1,0.64208984,1.3178711,1.2016602,0.7026367,-0.22070312,-0.7915039,-0.22167969,1.0810547,-0.8359375,-3.9404297,-3.3588867,-1.7373047,-0.5024414,0.3857422,0.578125,0.13232422,-0.18798828,-0.18359375,-0.17529297,-0.3803711,-0.5205078,-0.61279297,-0.5449219,-0.4116211,-0.3515625,-0.17089844,-0.095214844,0.15917969,0.19189453,-0.12890625,1.0776367,0.39111328,0.019042969,0.009277344,-0.080566406,-0.0703125,0,0,0,0,0,0,0,0
-1,0.59277344,0.64501953,1.0058594,0.4638672,-0.17138672,-0.6665039,-0.2705078,0.94677734,-0.30322266,-3.7875977,-4.1660156,-1.8779297,-0.49169922,0.3642578,0.43115234,0.024902344,-0.3774414,-0.3720703,-0.2602539,-0.22021484,-0.3017578,-0.3076172,-0.059570312,0.034179688,-0.17822266,-0.05859375,0.016601562,-0.019042969,-0.046875,-0.119140625,0.3310547,0.33154297,-0.049316406,-0.0625,0.02734375,-0.2524414,0,0,0,0,0,0,0,0
-1,0.60302734,0.6557617,0.90478516,0.6098633,-0.09033203,-0.3642578,0.41455078,1.9160156,-1.9770508,-4.121582,-3.6733398,-1.5595703,-0.12646484,0.58447266,0.4584961,0.018066406,-0.28955078,-0.2290039,-0.22558594,-0.43798828,-0.37451172,-0.37060547,-0.515625,-0.52783203,-0.5473633,-0.5986328,0.036621094,-0.064453125,0.1274414,0.2109375,0.4921875,0.17382812,0.16552734,-0.13427734,-0.020996094,-0.13769531,-0.21826172,0,0,0,0,0,0,0
-1,0.5644531,0.7246094,0.9140625,0.45361328,-0.018066406,-1.7729492,-0.54345703,0.82958984,0.9057617,-3.7016602,-3.4511719,-2.5605469,-0.97314453,0.2602539,0.74609375,0.6040039,0.0087890625,-0.22998047,-0.22998047,-0.38232422,-0.6660156,-0.6484375,-0.52246094,-0.20507812,-0.05078125,-0.12890625,-0.16064453,0.0063476562,-0.060546875,1.3554688,0.38134766,0.3935547,0.31591797,0.1586914,0.057617188,-0.067871094,-0.28173828,-0.5722656,0,0,0,0,0,0
-1,0.48388672,0.8432617,1.0551758,0.38085938,-0.21777344,0.19042969,1.277832,0.3076172,-3.4160156,-3.890625,-2.6655273,-1.2626953,0.43847656,0.8964844,0.6328125,0.06982422,-0.34033203,-0.2626953,-0.68066406,-0.7089844,-0.7114258,-0.5751953,-0.36035156,-0.20605469,-0.17285156,-0.18164062,0.03125,0.24023438,0.23144531,0.4272461,0.6201172,0.5678711,0.140625,0.037109375,-0.20507812,-0.2993164,-0.55810547,0,0,0,0,0,0,0
-1,0.38867188,0.42626953,0.9506836,0.5341797,0.027832031,-0.62890625,-0.32861328,0.49560547,1.4291992,-2.4223633,-2.963379,-3.1098633,-1.5361328,-0.2553711,0.28710938,0.37402344,0.12939453,-0.2084961,-0.22021484,-0.39111328,-0.46289062,-0.4609375,-0.36621094,0.14697266,0.22070312,0.24658203,0.059570312,0.020507812,0.123535156,0.23828125,0.1743164,0.16699219,0.7519531,-0.33544922,-0.5288086,-0.46679688,-0.57470703,0,0,0,0,0,0,0
1,-0.19384766,-0.21191406,-0.26904297,-0.42333984,-0.05419922,-0.27734375,-0.49267578,-1.0913086,-0.24414062,2.5541992,1.6533203,1.3481445,-0.23339844,-0.78759766,-0.86376953,-0.36669922,0.005859375,0.15576172,0.15917969,-0.10498047,-0.19189453,-0.49951172,-0.85302734,-0.73828125,-0.6113281,-0.65283203,-0.49560547,-0.027832031,0.16015625,0.19433594,0.092285156,-0.37353516,-0.09423828,0.3383789,0.5644531,0.75,0,0,0,0,0,0,0,0
1,-0.3720703,-0.73876953,-0.8041992,-0.2890625,-1.0620117,-0.515625,-1.315918,0.103027344,3.9648438,2.725586,2.8085938,-0.24511719,-1.5615234,-1.3393555,-1.1625977,-0.24951172,-0.15722656,-0.3256836,-0.07128906,-0.0048828125,-0.14208984,-0.24853516,-0.5,-0.40771484,-0.28027344,-0.45751953,-0.29296875,-0.011230469,0.079589844,0.49902344,-0.05029297,0.06201172,0.076660156,0.22802734,0.24121094,0.3564453,0,0,0,0,0,0,0,0
1,-0.3305664,-0.5058594,-0.6269531,-0.7866211,-0.2866211,-1.0888672,-0.2685547,-1.0869141,1.0844727,3.1611328,1.9135742,1.1318359,-1.0649414,-1.3134766,-1.5185547,-0.66015625,-0.051757812,-0.049316406,0.16210938,-0.019042969,0.115722656,-0.123535156,-0.60839844,-0.62353516,-0.41064453,-0.60546875,-0.5083008,-0.17578125,0.31835938,0.23828125,-0.2998047,0.1743164,0.44921875,0.30322266,0.39892578,0,0,0,0,0,0,0,0,0
1,-0.2421875,-0.3095703,-0.50097656,-0.38916016,-0.15185547,-0.09765625,-0.41552734,-0.71191406,0.96533203,3.3398438,1.7915039,1.1411133,-0.5024414,-1.1142578,-0.9301758,-0.8066406,-0.27197266,-0.11035156,-0.13183594,-0.013671875,-0.016601562,-0.22705078,-0.5292969,-0.5058594,-0.18359375,-0.16894531,-0.20947266,-0.018554688,0.12939453,-0.07714844,0.2866211,0.15722656,0.35986328,0.46826172,0.5053711,0.4296875,0,0,0,0,0,0,0,0
1,-0.6142578,-0.80859375,-0.9511719,-0.6040039,-0.48779297,0.11767578,-0.58203125,-1.3823242,2.1010742,3.5561523,1.6425781,0.78564453,-1.1113281,-1.3178711,-1.4433594,-0.69677734,-0.026367188,-0.083984375,-0.044433594,-0.30126953,-0.13574219,-0.30419922,-0.48632812,-0.2939453,-0.1743164,-0.4140625,-0.328125,-0.030761719,0.18261719,-0.9003906,0.10205078,-0.12060547,0.15771484,0.14257812,0.26757812,0,0,0,0,0,0,0,0,0
1,-0.4970703,-0.5800781,-1.1733398,-0.62060547,0.17382812,-0.5390625,-1.4536133,1.8339844,3.708496,2.1577148,1.2983398,-0.60253906,-1.5732422,-0.8432617,-0.6298828,-0.10107422,-0.09277344,-0.2109375,-0.12890625,-0.017578125,-0.09375,-0.42529297,-0.5234375,-0.375,-0.35742188,-0.4013672,-0.079589844,0.18359375,-0.0234375,-0.21191406,-0.1015625,0.07910156,0.09667969,0.033691406,0.2265625,0,0,0,0,0,0,0,0,0
1,-0.3310547,-0.5522461,-0.6113281,-0.44433594,0.0068359375,-0.4350586,-1.0854492,-1.0458984,2.5654297,3.1079102,1.5078125,0.75146484,-1.1352539,-1.1054688,-0.953125,-0.048339844,0.052246094,0.045410156,0.09423828,0.052734375,0.11425781,-0.53125,-0.8935547,-0.60839844,-0.6435547,-0.6245117,-0.39794922,-0.03173828,0.13574219,1.5688477,-0.17675781,-0.6274414,-0.20507812,-0.05908203,0.3544922,0,0,0,0,0,0,0,0,0
1,-0.203125,-0.31884766,-0.6557617,-0.28955078,0.1772461,-0.72998047,-1.1801758,-1.5410156,2.3808594,3.4208984,1.9667969,0.73583984,-1.3271484,-1.5097656,-1.7280273,-0.5004883,-0.23925781,-0.0234375,-0.03466797,0.11035156,0.122558594,-0.095703125,-0.55810547,-0.44628906,-0.26757812,-0.41552734,-0.30371094,-0.09716797,0.08154297,-1.2944336,-0.037597656,0.071777344,0.421875,0.3720703,0.39746094,0.3256836,0,0,0,0,0,0,0,0
1,-0.41210938,-0.49169922,-0.60498047,-0.4453125,-0.4189453,-0.1977539,-0.86376953,-1.9985352,2.2856445,3.3920898,2.0996094,1.5351562,-0.8017578,-1.2895508,-0.58154297,-0.4477539,0.048339844,-0.1977539,-0.13378906,0.05419922,0.087890625,-0.09765625,-0.68652344,-0.75878906,-0.67871094,-0.70410156,-0.49902344,0.021484375,0.38476562,2.2163086,0.5625,0.17626953,0.31103516,0.1381836,0.060058594,0,0,0,0,0,0,0,0,0
1,-0.30273438,-0.22998047,-0.2553711,-0.33935547,0.25976562,-0.00048828125,-0.68603516,-1.3334961,0.6699219,3.5483398,2.005371,1.4150391,-0.28173828,-0.9057617,-0.9975586,-0.7705078,-0.2866211,-0.18603516,-0.103027344,-0.14990234,0.11816406,-0.1796875,-0.55126953,-0.44335938,-0.21826172,-0.43115234,-0.24316406,0.060058594,0.28173828,1.1791992,0.34277344,-0.171875,0.23046875,0.23095703,0.4506836,0,0,0,0,0,0,0,0,0
1,-0.12011719,-0.24414062,-0.4741211,-0.36376953,-0.47607422,-0.28222656,-1.5478516,-0.33691406,2.9868164,3.5375977,2.6523438,1.0087891,-1.0595703,-1.3798828,-1.5966797,-0.81933594,-0.2475586,-0.1850586,-0.103515625,-0.09033203,-0.118652344,-0.29345703,-0.59521484,-0.60302734,-0.25,-0.30664062,-0.35009766,-0.029296875,0.30371094,-0.0703125,0.48339844,0.0126953125,0.5390625,0.57714844,0.53808594,0.43798828,0,0,0,0,0,0,0,0
1,-0.5756836,-1.2509766,-0.4169922,-0.31103516,0.53271484,0.13085938,-0.79833984,-0.1274414,2.805664,2.2338867,1.4282227,-0.36914062,-1.1777344,-1.199707,-0.87158203,-0.265625,-0.1586914,-0.12988281,-0.033691406,-0.29052734,-0.13671875,-0.4038086,-0.45654297,-0.37548828,-0.4580078,-0.32666016,-0.018554688,0.23388672,-0.09033203,0.6591797,-0.14746094,0.10595703,0.3486328,0.4086914,0.45947266,0,0,0,0,0,0,0,0,0
1,-0.19042969,-0.30517578,-0.43554688,-0.6538086,-0.52685547,0.071777344,-0.21875,-1.0517578,-1.2485352,2.5771484,3.0024414,1.9975586,0.82177734,-0.89208984,-1.4780273,-1.2504883,-0.46875,-0.14892578,-0.016113281,-0.01171875,0.12841797,0.32861328,-0.05908203,-0.6279297,-1.0737305,-0.92089844,-0.6621094,-0.5957031,-0.23095703,0.21533203,0.22558594,-0.71435547,0.0107421875,0.36669922,0.65625,0.5595703,0,0,0,0,0,0,0,0
1,-0.2685547,-0.37597656,-0.5288086,-0.11767578,-0.5888672,-0.3779297,-1.0351562,-0.15966797,3.440918,2.503418,1.4868164,0.099609375,-1.4311523,-1.5092773,-1.9960938,-0.41210938,-0.296875,-0.22167969,-0.15283203,-0.032226562,-0.16015625,-0.5390625,-0.5566406,-0.38476562,-0.46875,-0.32666016,-0.03466797,0.23583984,0.2006836,0.9194336,-0.07128906,-0.057128906,0.16748047,0.2319336,0.47460938,0.5957031,0,0,0,0,0,0,0,0
1,-0.1352539,-0.48583984,-0.7158203,-0.49316406,-0.07470703,0.052734375,-0.057128906,-1.0288086,1.1254883,2.6225586,1.6328125,0.8574219,-0.82958984,-1.2329102,-1.0976562,-0.48339844,-0.07373047,-0.23046875,-0.060058594,-0.3149414,-0.17138672,-0.39160156,-0.5620117,-0.22558594,-0.4086914,-0.60595703,-0.35253906,-0.06640625,0.09765625,0.32226562,0.045898438,0.0068359375,0.00048828125,0.0703125,0.33935547,0,0,0,0,0,0,0,0,0
1,-0.14257812,-0.31591797,-0.58496094,-0.6357422,-0.04248047,-0.47753906,-0.82910156,-1.6289062,1.1855469,3.6704102,2.0893555,1.3901367,-0.75634766,-1.3452148,-0.9765625,-0.63964844,0.059570312,-0.20507812,0.00390625,-0.28271484,-0.24414062,-0.3935547,-0.74658203,-0.8183594,-0.67333984,-0.6166992,-0.50683594,-0.13378906,0.030273438,-0.009765625,-0.375,-0.06933594,0.3828125,0.66064453,0.7885742,0.8876953,0,0,0,0,0,0,0,0
1,-0.4140625,-0.60498047,-0.91064453,-0.4946289,-0.0087890625,-1.1264648,-0.51953125,-0.93847656,2.3666992,3.190918,1.6064453,0.5541992,-1.1816406,-1.3027344,-0.7753906,-0.39501953,-0.15136719,-0.20898438,-0.041992188,-0.24365234,-0.31933594,-0.66015625,-1.0068359,-0.6298828,-0.45947266,-0.27539062,-0.10888672,0.16552734,0.4169922,1.715332,0.58447266,0.10253906,0.027832031,-0.12646484,-0.018066406,0.35839844,0,0,0,0,0,0,0,0
1,-0.36132812,-0.41064453,-0.55810547,-0.28173828,-0.29003906,0.19091797,0.1665039,-0.7128906,1.1318359,3.4389648,1.5561523,0.77734375,-1.0639648,-1.3671875,-1.3886719,-0.6611328,-0.088378906,-0.22705078,0.025878906,-0.20654297,-0.18652344,-0.33544922,-0.6044922,-0.10546875,-0.19824219,-0.50390625,-0.2758789,0.032714844,0.115722656,1.2661133,-0.0043945312,0.013183594,0.30664062,0.24365234,0.45751953,0.67089844,0,0,0,0,0,0,0,0
1,-0.3178711,-0.7573242,-0.9633789,-0.44482422,0.14990234,-0.22460938,-0.63916016,-0.7626953,2.7089844,3.133789,1.8920898,0.62890625,-1.4477539,-1.6147461,-0.9741211,-0.52197266,0.21972656,-0.16699219,0.024414062,-0.24023438,-0.21240234,-0.5473633,-0.7602539,-0.70166016,-0.48388672,-0.39990234,-0.24316406,-0.03515625,0.038085938,-0.36914062,-0.051757812,-0.06982422,0.296875,0.4326172,0.45654297,0.5498047,0,0,0,0,0,0,0,0
1,-0.6147461,-0.7324219,-0.79833984,-0.3671875,-0.26123047,0.19384766,0.43798828,-0.33984375,0.4038086,2.7202148,1.590332,0.71533203,-0.62353516,-0.9111328,-0.62060547,-0.5185547,-0.22753906,-0.18164062,-0.19042969,-0.20410156,-0.16601562,-0.4482422,-0.6723633,-0.46679688,-0.46435547,-0.36816406,-0.27001953,0.13720703,0.20019531,-1.3642578,-0.05126953,-0.08251953,-0.068359375,0.1171875,0.12597656,0,0,0,0,0,0,0,0,0
1,-0.44726562,-0.46533203,-0.5698242,-0.52978516,0.24169922,-0.10107422,0.078125,-0.7553711,0.19140625,3.711914,1.9067383,0.8676758,-0.7631836,-1.4038086,-0.9868164,-0.95166016,-0.005859375,0.053222656,-0.07470703,-0.21240234,-0.15283203,-0.36083984,-0.75683594,-0.6772461,-0.5605469,-0.6484375,-0.38476562,-0.0146484375,0.21533203,-0.6064453,0.47070312,-0.26513672,-0.375,-0.14941406,0.19873047,0.44873047,0,0,0,0,0,0,0,0
1,-0.33496094,-0.57373047,-0.5239258,-0.4140625,0.49804688,0.111816406,-0.65478516,-0.8413086,3.4501953,2.9765625,1.4916992,-0.04296875,-1.4638672,-1.6748047,-1.3085938,-0.5571289,-0.34570312,-0.15234375,-0.09082031,-0.16748047,-0.29785156,-0.37890625,-0.53759766,-0.36035156,-0.41455078,-0.24169922,-0.028808594,0.28271484,-0.39892578,0.5805664,0.041015625,0.15039062,0.21679688,0.13085938,0.27490234,0,0,0,0,0,0,0,0,0
1,-0.31347656,-0.42138672,-0.55078125,-0.81347656,-0.46533203,0.08300781,0.5385742,-0.041503906,-1.1518555,1.9868164,2.5654297,1.121582,0.3828125,-0.72265625,-0.6977539,-0.43017578,-0.06689453,-0.06933594,0.03125,-0.19677734,-0.42578125,-0.33203125,-0.5415039,-0.65283203,-0.39501953,-0.3696289,-0.453125,-0.18066406,0.040527344,0.0063476562,-0.37158203,-0.056640625,0.06738281,0.39013672,0.42529297,0.546875,0,0,0,0,0,0,0,0
1,-0.56591797,-0.6401367,-0.58447266,-0.37695312,0.39648438,0.28808594,-0.010253906,-1.1362305,0.49365234,2.8725586,1.2963867,0.18310547,-0.9033203,-1.4282227,-1.1713867,-0.5732422,-0.30078125,0.106933594,0.15966797,0.118652344,0.10205078,-0.16210938,-0.5317383,-0.44335938,-0.44189453,-0.6113281,-0.45166016,-0.28857422,0.05859375,-0.83691406,-0.051757812,-0.10986328,0.12451172,0.2084961,0.41845703,0,0,0,0,0,0,0,0,0
1,-0.4560547,-0.79541016,-0.73876953,0.088378906,0.45361328,0.26220703,-0.6142578,-0.8208008,2.7832031,2.2773438,0.55810547,-0.96875,-1.2412109,-1.2836914,-0.4086914,-0.05908203,0.05078125,-0.3305664,-0.37695312,-0.375,-0.5131836,-0.5722656,-0.3647461,-0.2836914,-0.2836914,-0.25878906,-0.060058594,-0.0087890625,0.19726562,0.053222656,0.36914062,0.64746094,0.5932617,0.6801758,0,0,0,0,0,0,0,0,0,0
1,-0.4560547,-0.6245117,-0.57128906,-0.7626953,-0.41015625,-0.29541016,-0.22998047,-0.69921875,-1.0058594,2.005371,3.9970703,1.8813477,0.89990234,-1.105957,-1.6245117,-2.479004,-0.69384766,-0.20507812,-0.12451172,0.09277344,0.1459961,0.075683594,-0.041015625,-0.39794922,-0.28710938,-0.12402344,-0.33691406,-0.32373047,-0.12451172,0.0107421875,-0.017578125,0.10546875,-0.107910156,0.1796875,0.15625,0.2319336,0.38867188,0,0,0,0,0,0,0
1,-0.43408203,-0.60546875,-1.0454102,-0.5854492,-0.28466797,-0.37158203,-0.053710938,-0.5102539,-1.003418,2.3012695,2.6376953,1.1342773,-0.04296875,-1.3168945,-1.2602539,-0.875,-0.30908203,-0.12988281,0.19140625,-0.010253906,-0.033691406,-0.103027344,-0.37597656,-0.6977539,-0.37841797,-0.35595703,-0.5263672,-0.28125,0.084472656,0.29492188,-0.09667969,0.123535156,0.27490234,0.5336914,0.34033203,0.36816406,0.44726562,0,0,0,0,0,0,0
1,-0.24609375,-0.3149414,-0.43652344,-0.85791016,-0.016113281,0.32226562,-0.16455078,-1.2416992,0.4111328,3.619629,2.206543,1.4316406,-0.31933594,-1.1860352,-1.0913086,-0.87646484,-0.19873047,-0.13183594,-0.1352539,0.016113281,0.011230469,-0.18701172,-0.45751953,-0.30664062,-0.4375,-0.3256836,-0.32617188,-0.10498047,0.21240234,-0.03955078,0.77783203,-0.21826172,0.056152344,0.3959961,0.3803711,0.4038086,0,0,0,0,0,0,0,0
1,-0.27978516,-0.28564453,-0.484375,-0.7392578,-0.29296875,0.33398438,-0.41210938,-1.1606445,0.06591797,3.3466797,2.359375,1.4580078,-0.2446289,-1.0844727,-1.2402344,-1.253418,-0.28759766,0.020507812,-0.027832031,0.13378906,0.09082031,-0.17529297,-0.6977539,-0.51953125,-0.4189453,-0.59033203,-0.49902344,-0.20263672,0.079589844,-0.8076172,-0.25976562,0.095703125,0.47070312,0.5336914,0.47509766,0.51660156,0,0,0,0,0,0,0,0
1,-0.22558594,-0.3540039,-0.89990234,0.0029296875,-1.5673828,-0.2631836,-0.8178711,0.27734375,3.4072266,2.1801758,1.3891602,-0.07421875,-1.3442383,-1.2250977,-0.92089844,-0.23730469,-0.009765625,0.0009765625,-0.13623047,-0.07470703,-0.21435547,-0.6166992,-0.7949219,-0.421875,-0.35742188,-0.52001953,-0.25732422,0.064453125,0.24023438,1.4741211,0.063964844,0.1352539,0.23730469,0.08544922,0.38671875,0.6274414,0,0,0,0,0,0,0,0
1,-0.17382812,-0.32666016,-0.4892578,-0.3671875,-1.1088867,0.31689453,0.22021484,-1.0024414,-0.64697266,2.838379,2.2666016,1.2919922,-0.4658203,-1.0463867,-1.1494141,-0.78027344,-0.40429688,-0.09082031,0.053222656,0.14550781,0.01953125,-0.2109375,-0.48291016,-0.6699219,-0.70214844,-0.80126953,-0.7915039,-0.30664062,-0.096191406,0.11376953,-0.4243164,-0.19482422,0.03466797,0.6816406,0.7895508,0.7324219,0,0,0,0,0,0,0,0
1,-0.5629883,-1.7041016,-0.37353516,-0.40234375,0.45654297,0.24121094,-1.3427734,0.4482422,2.8935547,1.8320312,0.9848633,-0.4189453,-1.0375977,-0.61376953,-0.57373047,-0.1352539,0.052246094,-0.107910156,-0.16113281,-0.14355469,-0.38720703,-0.67822266,-0.69677734,-0.8129883,-0.5385742,-0.25585938,0.1015625,0.56933594,0.1743164,-0.28222656,-0.52685547,0.15283203,0.34570312,0.47265625,0.6357422,0,0,0,0,0,0,0,0,0
1,-0.18408203,-0.2319336,-0.6621094,-0.6118164,-0.15283203,-0.5493164,-1.3754883,-0.36669922,3.3393555,2.9833984,1.3925781,0.3466797,-1.4248047,-1.0478516,-1.3242188,-0.1694336,-0.20458984,-0.26123047,-0.18164062,0.043945312,-0.057128906,-0.28222656,-0.5966797,-0.43701172,-0.35302734,-0.37451172,-0.1352539,0.037109375,0.1899414,-0.37841797,0.0048828125,-0.084472656,0.068847656,0.055664062,0.33447266,0,0,0,0,0,0,0,0,0
1,-0.3701172,-0.65527344,-0.62060547,0.083496094,-0.011230469,-0.0063476562,-1.175293,-0.43017578,3.083496,2.3125,1.3642578,-0.21777344,-0.9589844,-1.0639648,-0.8442383,-0.1928711,-0.15234375,-0.05517578,-0.020996094,-0.083984375,-0.10986328,-0.49609375,-0.42529297,-0.5683594,-0.5854492,-0.5180664,-0.18652344,0.08154297,-1.1552734,0.28271484,-0.24658203,0.06640625,0.25097656,0.3803711,0.62158203,0,0,0,0,0,0,0,0,0
1,-0.56640625,-0.88720703,-0.7138672,-0.5498047,-0.19921875,0.81103516,0.5239258,-0.5258789,-0.76416016,2.684082,1.847168,1.0913086,-0.328125,-1.0219727,-0.9003906,-0.43798828,-0.15136719,-0.048828125,0.10498047,0.07373047,0.056640625,-0.032714844,-0.2529297,-0.64208984,-0.4477539,-0.45751953,-0.47314453,-0.29541016,0.05419922,0.3491211,-0.87646484,-0.5102539,-0.31884766,-0.07324219,-0.0546875,0.25439453,0,0,0,0,0,0,0,0
1,-0.59716797,-0.40527344,-0.7285156,-0.44140625,0.0014648438,0.2548828,0.20458984,-0.5263672,-0.28564453,2.2421875,1.2763672,0.46191406,-0.6333008,-1.0004883,-0.89501953,-0.57470703,-0.20800781,0.19628906,0.07324219,0.09423828,-0.025390625,-0.2939453,-0.6513672,-0.62109375,-0.7114258,-0.67871094,-0.6044922,-0.21679688,0.19384766,0.38964844,0.15527344,-0.4951172,0.001953125,0.27148438,0.43798828,0.64208984,0,0,0,0,0,0,0,0
1,-0.0703125,-0.10595703,-0.41845703,-0.3076172,-1.378418,0.08691406,-0.2446289,-1.7514648,-0.18408203,3.2055664,2.1972656,1.4882812,-0.20410156,-0.9160156,-1.0874023,-0.68115234,-0.31347656,-0.2524414,-0.11376953,-0.1640625,-0.103027344,-0.0546875,-0.359375,-0.5205078,-0.61035156,-0.70751953,-0.5263672,-0.19628906,0.2939453,-0.49365234,0.4580078,-0.47021484,0.0048828125,0.37304688,0.55908203,0.59277344,0,0,0,0,0,0,0,0
1,-0.2524414,-0.22851562,-0.46142578,-0.35546875,-0.103027344,-0.2915039,-0.027832031,-0.94189453,0.3046875,3.2919922,1.9707031,0.87939453,-0.36083984,-1.3237305,-0.8095703,-0.9711914,-0.16796875,-0.24121094,-0.15722656,-0.18066406,-0.29638672,-0.40185547,-0.7036133,-0.6923828,-0.35009766,-0.25048828,-0.15722656,0.025878906,0.13085938,-0.07910156,0.31445312,0.31396484,0.1899414,0.4033203,0.35009766,0.60302734,0,0,0,0,0,0,0,0
1,-0.21826172,-0.3227539,-0.44873047,-0.088378906,0.029785156,-0.08300781,-1.2080078,0.12646484,4.114258,2.5205078,1.6191406,-0.09423828,-1.2880859,-1.1982422,-1.3813477,-0.5644531,-0.60498047,-0.42626953,-0.22216797,-0.20996094,-0.115234375,-0.19238281,-0.53466797,-0.31396484,-0.20654297,-0.3779297,-0.21240234,0.51123047,-0.9169922,0.10986328,-0.041015625,0.14111328,0.4951172,0.4375,0.5644531,0,0,0,0,0,0,0,0,0
1,-0.5722656,-0.93603516,-0.7714844,-0.06201172,0.69970703,0.044921875,-0.62060547,-0.69970703,3.2138672,3.1914062,1.7587891,0.3803711,-1.2832031,-1.1933594,-0.62646484,-0.3955078,-0.09472656,-0.21533203,-0.13427734,-0.26416016,-0.20361328,-0.4086914,-0.6694336,-0.39257812,-0.26464844,-0.41503906,-0.12207031,0.13964844,0.02734375,0.7011719,-0.013671875,-0.091796875,0.25439453,0.33691406,0.31689453,0.48388672,0,0,0,0,0,0,0,0
1,-0.55810547,-0.5810547,-0.6347656,-0.052734375,-0.083984375,0.1508789,-0.24169922,-1.128418,1.9970703,2.713379,1.4140625,0.21044922,-1.2602539,-1.2998047,-0.96875,-0.40722656,-0.18847656,-0.15185547,-0.12158203,-0.16210938,-0.049316406,-0.32128906,-0.47460938,-0.51123047,-0.48242188,-0.36083984,-0.19677734,-0.011230469,0.27441406,0.5366211,0.03173828,-0.14208984,0.28759766,0.30322266,0.38867188,0,0,0,0,0,0,0,0,0
