-1,0.16259766,0.234375,0.16748047,-0.024414062,-0.37646484,0.42578125,0.92041016,0.73876953,0.009765625,1.4985352,3.2016602,-0.7524414,-0.7470703,-2.1376953,-2.1123047,-0.7290039,0.32373047,0.41357422,0.43847656,0.68847656,0.78466797,0.5810547,0.3725586,0.37597656,0.2841797,0.23242188,0.37402344,0.61376953,0.73828125,0.6113281,0.45214844,0.3828125,0.26757812,0.12597656,-0.053710938,-0.15429688,0,0,0,0,0,0,0,0
-1,0.16308594,0.16113281,-0.08544922,-0.6894531,-0.29296875,0.47265625,0.6958008,-0.118652344,2.2788086,1.5976562,-0.8022461,-0.62158203,-1.9726562,-1.3930664,-0.107421875,0.13964844,0.2319336,0.41357422,0.62939453,0.63964844,0.4086914,0.26611328,0.30517578,0.19189453,0.2919922,0.4970703,0.59228516,0.4663086,0.25878906,0.23828125,0.19335938,0.055664062,-0.005859375,-0.09277344,0,0,0,0,0,0,0,0,0,0
-1,0.037109375,0.115722656,-0.011230469,-0.33642578,-0.30322266,0.40771484,0.75439453,0.43359375,0.09863281,2.1542969,2.4360352,-1.2036133,-1.0273438,-2.3754883,-1.6860352,-0.35839844,0.3959961,0.41064453,0.4711914,0.734375,0.6508789,0.45996094,0.37646484,0.32666016,0.30029297,0.38134766,0.5703125,0.8491211,0.73535156,0.4638672,0.32666016,0.18310547,0.03564453,-0.04638672,-0.11425781,0,0,0,0,0,0,0,0,0
-1,-0.0073242188,0.09472656,0.11328125,-0.2631836,-0.7392578,0.31445312,1.0078125,0.8222656,0.47265625,2.1831055,2.4355469,-0.75146484,-1.050293,-2.1064453,-1.8515625,-0.5415039,0.080566406,0.24072266,0.2841797,0.4946289,0.5786133,0.41796875,0.3359375,0.34570312,0.265625,0.30322266,0.41845703,0.56640625,0.60302734,0.3959961,0.30029297,0.20507812,0.100097656,0.033203125,0.00048828125,0,0,0,0,0,0,0,0,0
-1,0.23535156,0.2915039,0.24121094,-0.21240234,-0.25195312,0.39794922,0.6669922,0.27392578,-0.17138672,2.1313477,2.5336914,-2.0449219,-0.7529297,-2.362793,-1.5449219,-0.11279297,0.6347656,0.5058594,0.56689453,0.7441406,0.6455078,0.5136719,0.5024414,0.36279297,0.21582031,0.43066406,0.6958008,0.8144531,0.62597656,0.2915039,0.119140625,0.0024414062,-0.17529297,-0.23925781,-0.24707031,-0.28808594,0,0,0,0,0,0,0,0
-1,0.25927734,0.3256836,0.24365234,-0.068847656,-0.5336914,0.24072266,0.85302734,0.6894531,0.24658203,1.3447266,2.6054688,-1.6616211,-0.5673828,-2.0463867,-1.6948242,-0.052246094,0.28955078,0.30371094,0.37939453,0.5136719,0.41503906,0.30859375,0.1796875,0.10888672,0.18017578,0.36621094,0.5229492,0.6074219,0.49267578,0.296875,0.26708984,0.13867188,0.029296875,-0.044433594,-0.09082031,0,0,0,0,0,0,0,0,0
-1,0.041015625,0.14160156,0.1381836,-0.2241211,-0.8125,0.32666016,1.0771484,0.5439453,-0.16845703,1.5444336,2.2021484,-0.8701172,-0.26757812,-1.8398438,-1.5419922,-0.16308594,0.3408203,0.45166016,0.5385742,0.70214844,0.6425781,0.43310547,0.35986328,0.2993164,0.076660156,0.1508789,0.37353516,0.5864258,0.69433594,0.5678711,0.41210938,0.24951172,0.057617188,0.018066406,-0.033691406,0,0,0,0,0,0,0,0,0
-1,0.12011719,0.19091797,0.123046875,-0.1381836,-0.5527344,0.5366211,1.1923828,0.74902344,0.08935547,1.6484375,3.074707,-1.0039062,-0.6904297,-2.1176758,-1.7304688,-0.47607422,0.30810547,0.34765625,0.41503906,0.6176758,0.5566406,0.31933594,0.31689453,0.37402344,0.22167969,0.29638672,0.57421875,0.76171875,0.74853516,0.5131836,0.33691406,0.24072266,0.04736328,-0.045898438,-0.09277344,0,0,0,0,0,0,0,0,0
-1,0.13476562,0.2163086,0.21875,0.03515625,-0.40234375,-0.3154297,0.9790039,1.1274414,0.32373047,1.262207,3.317871,-0.25390625,-0.96728516,-1.8979492,-1.8857422,-0.6660156,0.16796875,0.20361328,0.3544922,0.51953125,0.49414062,0.3774414,0.3696289,0.25976562,0.1274414,0.083984375,0.3227539,0.5878906,0.65625,0.49267578,0.24804688,0.13183594,-0.05517578,-0.17041016,-0.16699219,-0.080566406,0,0,0,0,0,0,0,0
-1,0.28808594,0.33007812,0.25146484,-0.5029297,-0.91308594,0.5854492,1.2617188,0.54785156,0.61621094,2.6811523,1.0952148,-1.4736328,-1.5268555,-2.4160156,-1.4873047,-0.15136719,0.31201172,0.37451172,0.5786133,0.68847656,0.4580078,0.36376953,0.390625,0.25976562,0.25683594,0.5102539,0.7348633,0.7324219,0.50390625,0.30908203,0.1821289,-0.01171875,-0.13134766,-0.20361328,0,0,0,0,0,0,0,0,0,0
-1,0.18652344,0.15429688,-0.3701172,-0.71435547,0.057617188,0.8120117,0.74853516,-0.091308594,0.7158203,2.9501953,-0.8100586,-0.546875,-2.3232422,-1.7055664,-0.5102539,0.46923828,0.5083008,0.47607422,0.7133789,0.58251953,0.34423828,0.3701172,0.3642578,0.28515625,0.43798828,0.5854492,0.7416992,0.64746094,0.4975586,0.3623047,0.2241211,0.0546875,-0.10595703,-0.123535156,0,0,0,0,0,0,0,0,0,0
-1,0.16992188,0.14160156,-0.03466797,-0.53515625,-0.61083984,0.48583984,0.5625,0.0009765625,0.19873047,1.746582,1.1367188,-0.71533203,-0.8652344,-1.8310547,-1.3310547,0.16748047,0.43408203,0.34033203,0.5600586,0.7446289,0.83691406,0.6411133,0.42041016,0.35107422,0.26611328,0.3647461,0.4658203,0.52490234,0.5361328,0.39648438,0.2421875,0.15039062,0.12060547,-0.028320312,-0.11816406,-0.25732422,0,0,0,0,0,0,0,0
-1,-0.09082031,0.06982422,0.16601562,-0.07080078,-0.42529297,-0.041015625,0.7636719,1.0146484,0.08203125,1.0322266,3.2929688,1.2158203,-1.1635742,-1.7368164,-2.3393555,-1.3081055,-0.01953125,0.35302734,0.3696289,0.52246094,0.640625,0.49560547,0.3852539,0.45214844,0.32861328,0.30859375,0.5253906,0.69873047,0.6982422,0.3461914,0.1430664,0.034179688,-0.07324219,-0.09423828,-0.203125,0,0,0,0,0,0,0,0,0
-1,0.068847656,0.080566406,-0.075683594,-0.46533203,-0.8876953,0.5527344,1.2490234,0.4116211,-0.0146484375,1.8242188,2.2128906,-0.9296875,-0.9291992,-2.1420898,-1.4287109,-0.123046875,0.41015625,0.5,0.62890625,0.83251953,0.6982422,0.5830078,0.5283203,0.44335938,0.30859375,0.33398438,0.5488281,0.6796875,0.5410156,0.33691406,0.111816406,-0.071777344,-0.24609375,-0.30859375,-0.39990234,0,0,0,0,0,0,0,0,0
-1,0.19384766,0.2602539,0.15429688,-0.57470703,-0.9223633,0.23583984,0.7583008,-0.0034179688,0.6459961,3.296875,0.20361328,-0.59375,-1.6811523,-1.9624023,-0.9428711,0.31152344,0.39453125,0.50878906,0.65478516,0.7182617,0.5800781,0.43164062,0.3779297,0.2866211,0.15673828,0.32080078,0.54296875,0.69921875,0.5917969,0.31054688,0.16992188,0.020996094,-0.041015625,-0.10107422,-0.16992188,0,0,0,0,0,0,0,0,0
-1,0.0048828125,0.0390625,-0.078125,-0.2944336,-0.40771484,0.40576172,1.043457,0.61083984,-0.2446289,1.168457,2.383789,-0.38964844,-0.53808594,-1.9848633,-1.9677734,-0.8935547,0.33007812,0.59375,0.4765625,0.74121094,0.8769531,0.59033203,0.49414062,0.42089844,0.30029297,0.3540039,0.484375,0.74072266,0.69970703,0.46289062,0.3310547,0.19238281,0.036132812,-0.026855469,-0.104003906,-0.17773438,0,0,0,0,0,0,0,0
-1,-0.07373047,0.028320312,0.0546875,-0.14990234,-0.48291016,0.0029296875,0.6113281,0.8935547,0.053710938,0.52978516,2.586914,0.9658203,-0.4423828,-1.2958984,-2.2124023,-1.3325195,-0.115722656,0.3828125,0.32226562,0.47705078,0.6845703,0.6464844,0.4140625,0.36035156,0.28857422,0.1743164,0.328125,0.50341797,0.6274414,0.52783203,0.36376953,0.2783203,0.103515625,-0.08496094,-0.19189453,-0.296875,0,0,0,0,0,0,0,0
-1,-0.12890625,-0.021484375,0.005859375,-0.32226562,-0.8930664,-0.1303711,0.96435547,0.97265625,-0.16210938,1.4477539,2.2138672,-0.23339844,-0.5136719,-1.6958008,-1.4804688,-0.18603516,0.40283203,0.43701172,0.5371094,0.72216797,0.60839844,0.38232422,0.23535156,0.22753906,0.18603516,0.35791016,0.5449219,0.6870117,0.6113281,0.36279297,0.2241211,0.12695312,-0.092285156,-0.16748047,-0.22705078,0,0,0,0,0,0,0,0,0
-1,0.23779297,0.2763672,0.28808594,-0.10058594,-0.6816406,0.056152344,0.64453125,0.77978516,-0.15429688,1.2358398,2.40625,-1.4946289,-0.27783203,-2.2407227,-1.6455078,-0.3852539,0.390625,0.43945312,0.45654297,0.7236328,0.7685547,0.5341797,0.39697266,0.32910156,0.23388672,0.2998047,0.47021484,0.61083984,0.6479492,0.4008789,0.17919922,0.1328125,-0.0048828125,-0.100097656,-0.15820312,-0.16113281,0,0,0,0,0,0,0,0
-1,0.41015625,0.4321289,0.119628906,-0.3701172,0.013671875,0.0859375,0.234375,-0.017089844,-0.25097656,1.7163086,1.5258789,-1.3222656,-0.39453125,-1.7788086,-1.2485352,0.0068359375,0.59033203,0.38720703,0.39501953,0.6269531,0.64501953,0.4814453,0.38671875,0.28857422,0.2475586,0.4243164,0.59277344,0.6308594,0.43359375,0.34570312,0.20458984,0.09863281,-0.049316406,-0.083496094,-0.14794922,0,0,0,0,0,0,0,0,0
-1,0.05859375,0.1430664,0.024414062,-0.5786133,-0.54296875,0.0043945312,0.3725586,0.48046875,-0.37548828,1.3920898,1.8969727,-0.40185547,-0.09814453,-1.7734375,-1.8295898,-0.41064453,0.31103516,0.2939453,0.32910156,0.546875,0.6347656,0.62109375,0.45751953,0.30664062,0.15625,0.119140625,0.11279297,0.22460938,0.4609375,0.61572266,0.47558594,0.22998047,0.13916016,0.07861328,-0.014160156,-0.107421875,0,0,0,0,0,0,0,0
-1,-0.107421875,0.05126953,0.072753906,-0.15234375,-0.5830078,0.118652344,0.84375,0.76660156,0.08935547,1.1748047,2.2851562,0.0048828125,-0.55615234,-1.8823242,-2.0581055,-0.82958984,0.2602539,0.31347656,0.30078125,0.53759766,0.7026367,0.59228516,0.41845703,0.38623047,0.27001953,0.20703125,0.3623047,0.5732422,0.6333008,0.47607422,0.19677734,0.046875,-0.033691406,-0.13134766,-0.2626953,-0.2919922,0,0,0,0,0,0,0,0
-1,0.11669922,0.12841797,-0.067871094,-0.5229492,-0.45166016,0.64990234,1.1176758,0.234375,-0.036132812,3.0795898,0.14990234,-0.49658203,-1.4599609,-1.6850586,-0.76416016,0.39453125,0.6015625,0.5683594,0.7207031,0.71533203,0.5722656,0.4477539,0.35058594,0.26611328,0.19335938,0.32910156,0.5283203,0.68847656,0.6274414,0.4501953,0.26416016,0.14990234,-0.078125,-0.1899414,-0.2607422,0,0,0,0,0,0,0,0,0
-1,0.036621094,0.111328125,-0.25976562,-0.70996094,-0.32958984,0.40966797,0.6850586,0.1171875,0.5395508,3.2260742,-0.5419922,0.057128906,-1.6723633,-1.7060547,-0.5214844,0.47021484,0.60791016,0.57470703,0.67578125,0.6772461,0.5541992,0.45117188,0.3623047,0.21142578,0.2841797,0.4404297,0.55126953,0.5839844,0.43359375,0.21826172,0.05908203,-0.11621094,-0.27197266,-0.3173828,-0.38183594,0,0,0,0,0,0,0,0,0
-1,0.104003906,0.1821289,0.08203125,-0.3623047,-0.82128906,0.033203125,0.5439453,0.63134766,-0.07373047,1.9462891,2.3745117,-0.6303711,-0.56103516,-1.8818359,-1.6206055,-0.30566406,0.39794922,0.296875,0.30566406,0.4970703,0.46142578,0.30126953,0.24609375,0.1875,0.115722656,0.17919922,0.38232422,0.6484375,0.7001953,0.4868164,0.24169922,0.14697266,0.04638672,-0.06591797,-0.14648438,-0.21142578,0,0,0,0,0,0,0,0
-1,0.1977539,0.3149414,0.25,-0.30517578,-0.5654297,0.43359375,1.1577148,0.9116211,0.9316406,2.772461,1.121582,-1.5942383,-1.7426758,-2.5185547,-1.4467773,-0.21777344,0.28955078,0.43408203,0.56689453,0.82470703,0.6904297,0.48828125,0.4267578,0.32177734,0.25390625,0.33496094,0.51464844,0.6484375,0.5698242,0.34765625,0.16064453,0.018066406,-0.09667969,-0.19482422,-0.23925781,0,0,0,0,0,0,0,0,0
-1,0.09716797,0.111816406,-0.20458984,-0.6879883,-0.21972656,0.6621094,0.78515625,-0.14746094,0.5805664,2.9267578,0.061523438,-0.25146484,-1.6782227,-1.8964844,-0.8046875,0.20654297,0.5,0.47802734,0.6098633,0.7182617,0.48339844,0.3046875,0.23144531,0.103027344,0.12402344,0.296875,0.5493164,0.7216797,0.55322266,0.31347656,0.18945312,-0.03466797,-0.13378906,-0.1796875,-0.21142578,0,0,0,0,0,0,0,0,0
-1,0.14257812,0.21826172,-0.049316406,-0.7915039,-0.26953125,0.7216797,0.9658203,0.06298828,0.8408203,2.4458008,-1.0195312,-0.20019531,-1.9882812,-1.7758789,-0.5600586,0.40771484,0.49951172,0.5439453,0.7416992,0.71728516,0.5097656,0.3071289,0.23242188,0.14111328,0.26611328,0.40527344,0.49267578,0.54248047,0.39648438,0.23095703,0.10839844,-0.040039062,-0.1430664,-0.16357422,-0.1772461,0,0,0,0,0,0,0,0,0
-1,0.22167969,0.30908203,0.31201172,-0.17626953,-0.4165039,0.1850586,1.0673828,1.1254883,-0.015625,0.8989258,2.3305664,-1.0078125,-0.97021484,-2.4853516,-2.3256836,-1.003418,0.100097656,0.44726562,0.46826172,0.62646484,0.69189453,0.5097656,0.41503906,0.47216797,0.3540039,0.26953125,0.45117188,0.7241211,0.8491211,0.7270508,0.41210938,0.2680664,0.10498047,-0.03857422,-0.17919922,-0.25732422,0,0,0,0,0,0,0,0
-1,0.07861328,0.16308594,-0.03466797,-0.6035156,-0.27734375,0.5307617,1.0112305,0.18115234,0.62158203,2.097168,0.072753906,-1.0336914,-1.9267578,-2.3081055,-1.2626953,-0.037597656,0.41796875,0.45654297,0.6616211,0.8964844,0.70654297,0.41357422,0.44189453,0.38720703,0.51464844,0.6557617,0.87646484,0.8359375,0.5756836,0.41503906,0.2915039,0.119628906,-0.0390625,-0.18798828,-0.32470703,0,0,0,0,0,0,0,0,0
-1,-0.030761719,0.13720703,0.044433594,-0.39208984,-0.45117188,0.6386719,1.1230469,0.45947266,0.14160156,2.6777344,2.1245117,-1.2236328,-1.4057617,-2.5585938,-1.7099609,-0.38183594,0.28320312,0.4189453,0.515625,0.7236328,0.5888672,0.3984375,0.35253906,0.32470703,0.14257812,0.20898438,0.63964844,0.91552734,0.80810547,0.52490234,0.2758789,0.17529297,0.020996094,-0.11035156,-0.2290039,0,0,0,0,0,0,0,0,0
-1,-0.03125,0.1015625,0.17333984,-0.0078125,-0.546875,-0.056640625,0.8720703,1.0795898,0.22216797,0.73779297,2.1113281,0.21826172,-0.8076172,-1.6918945,-2.112793,-1.1206055,-0.0043945312,0.2836914,0.3330078,0.4819336,0.67041016,0.625,0.4921875,0.43408203,0.32958984,0.3154297,0.38232422,0.5551758,0.63964844,0.40625,0.20898438,0.12792969,-0.012207031,-0.07763672,-0.13916016,-0.2290039,0,0,0,0,0,0,0,0
-1,-0.009277344,0.15625,0.21679688,-0.22753906,-0.43652344,0.28808594,0.9213867,0.68408203,-0.3540039,0.99609375,2.9121094,-0.6513672,-0.9477539,-2.4301758,-2.2407227,-0.93652344,-0.021484375,0.39404297,0.42041016,0.6171875,0.74609375,0.53564453,0.43408203,0.42333984,0.26660156,0.24316406,0.48291016,0.73339844,0.7241211,0.4428711,0.24658203,0.15039062,0.0053710938,-0.099121094,-0.23242188,0,0,0,0,0,0,0,0,0
-1,0.114746094,0.22802734,0.08251953,-0.2241211,-0.4033203,0.5214844,1.2890625,0.76464844,0.61328125,2.2563477,2.6552734,-1.109375,-1.2548828,-2.244629,-2.0605469,-0.7578125,0.12939453,0.3095703,0.42333984,0.68847656,0.73779297,0.59375,0.49072266,0.43896484,0.29296875,0.30029297,0.4248047,0.609375,0.56152344,0.32910156,0.1796875,0.078125,-0.0063476562,-0.072265625,-0.15429688,-0.17041016,0,0,0,0,0,0,0,0
-1,0.22070312,0.30419922,-0.18066406,-0.4267578,0.43896484,0.87939453,0.70458984,-0.0859375,1.6220703,3.1000977,-1.1791992,-0.7109375,-2.3730469,-2.0410156,-0.62060547,0.19238281,0.4951172,0.6166992,0.70947266,0.72216797,0.5253906,0.40576172,0.34033203,0.22021484,0.16748047,0.29101562,0.53564453,0.57470703,0.421875,0.31298828,0.1850586,0.09326172,-0.018066406,-0.1459961,0,0,0,0,0,0,0,0,0,0
-1,0.2578125,0.27490234,0.034179688,-0.38720703,0.024414062,0.8388672,1.0947266,0.33007812,1.2880859,2.578125,0.2788086,-1.0141602,-1.9550781,-2.1240234,-0.95214844,0.23339844,0.48583984,0.5185547,0.68408203,0.78515625,0.68066406,0.5214844,0.33447266,0.14746094,0.024902344,0.12109375,0.29345703,0.4951172,0.44726562,0.23144531,0.078125,-0.0390625,-0.15429688,-0.1538086,-0.22216797,0,0,0,0,0,0,0,0,0
-1,0.061523438,0.18701172,0.10839844,-0.37548828,-0.3154297,0.36669922,0.7758789,0.23095703,0.4506836,2.708496,0.8339844,-0.61816406,-1.4223633,-2.2124023,-1.2788086,0.11376953,0.6044922,0.47021484,0.5058594,0.73046875,0.61035156,0.43554688,0.42382812,0.40966797,0.2368164,0.18310547,0.3544922,0.55810547,0.55566406,0.3359375,0.15625,0.025390625,-0.103027344,-0.140625,-0.14746094,0,0,0,0,0,0,0,0,0
-1,0.21582031,0.3017578,0.22314453,-0.3100586,-0.73291016,0.15576172,1.0537109,0.9916992,0.12060547,1.4160156,3.09375,-1.5722656,-0.7524414,-2.3642578,-1.9003906,-0.49267578,0.28222656,0.40478516,0.36767578,0.5864258,0.6113281,0.4501953,0.30810547,0.25097656,0.12109375,0.21044922,0.48535156,0.7519531,0.72998047,0.47851562,0.2529297,0.15527344,-0.012207031,-0.13867188,-0.21533203,0,0,0,0,0,0,0,0,0
-1,0.0073242188,0.15136719,0.25341797,-0.33447266,-0.7602539,0.11669922,0.73779297,0.5292969,0.0625,1.6669922,3.2998047,-1.1567383,-1.5947266,-2.4594727,-1.4121094,-0.103515625,0.42333984,0.46728516,0.5546875,0.75634766,0.62939453,0.3100586,0.26123047,0.27734375,0.29052734,0.4584961,0.57421875,0.5751953,0.43066406,0.29736328,0.2524414,0.075683594,-0.030273438,-0.08300781,-0.19189453,0,0,0,0,0,0,0,0,0
-1,0.03515625,0.096191406,-0.14013672,-0.64990234,-0.2084961,0.4790039,0.67822266,0.25195312,0.10888672,2.2944336,0.15234375,0.00390625,-1.2314453,-1.8481445,-1.0454102,0.39648438,0.71435547,0.6044922,0.60791016,0.62060547,0.5756836,0.42285156,0.28173828,0.19189453,0.17333984,0.25,0.44873047,0.60595703,0.5180664,0.31445312,0.17578125,-0.036621094,-0.28515625,-0.33740234,0,0,0,0,0,0,0,0,0,0
-1,0.07128906,0.118652344,-0.2084961,-0.8857422,-0.24902344,0.89501953,1.1582031,-0.03564453,1.1132812,2.3764648,-1.1757812,-0.2993164,-2.053711,-2.1030273,-0.7504883,0.22998047,0.30029297,0.26660156,0.6113281,0.79296875,0.6352539,0.48339844,0.4243164,0.2998047,0.15576172,0.23242188,0.49072266,0.6381836,0.6220703,0.3618164,0.19628906,0.08544922,-0.0546875,-0.10595703,-0.12890625,-0.18261719,0,0,0,0,0,0,0,0
-1,0.15234375,0.1928711,0.07373047,-0.3149414,-0.43017578,0.29492188,0.86376953,0.54345703,-0.4008789,1.421875,2.5219727,-1.4765625,-0.5415039,-2.3891602,-1.9355469,-0.44873047,0.44726562,0.50341797,0.46679688,0.68603516,0.7089844,0.4423828,0.3383789,0.30029297,0.20654297,0.26708984,0.4560547,0.65625,0.65185547,0.38232422,0.16699219,0.022949219,-0.125,-0.20019531,-0.23242188,0,0,0,0,0,0,0,0,0
-1,-0.09277344,-0.001953125,0.06201172,-0.27539062,-0.5361328,0.1015625,0.5229492,0.5708008,-0.3017578,1.2163086,2.8916016,-0.65185547,-0.12451172,-1.8212891,-1.9204102,-0.5576172,0.43066406,0.5439453,0.5395508,0.7050781,0.6767578,0.46191406,0.296875,0.22070312,0.11279297,0.17675781,0.36523438,0.5966797,0.55566406,0.34960938,0.17529297,0.09423828,-0.017578125,-0.140625,-0.16259766,0,0,0,0,0,0,0,0,0
1,0.27929688,-0.46728516,-1.0654297,-0.78515625,-2.1435547,-1.315918,3.7177734,1.7685547,1.6884766,2.116211,1.4824219,0.77783203,0.28710938,0.075683594,-0.3100586,-0.71240234,-0.7392578,-0.48242188,-0.2993164,-0.33984375,-0.27978516,-0.35253906,-0.44140625,-0.54589844,-0.54296875,-0.45214844,-0.3642578,-0.23046875,-0.03564453,0.16259766,0,0,0,0,0,0,0,0,0,0,0,0,0,0
1,-0.15429688,-0.2709961,-0.05810547,0.2319336,0.11425781,-0.23095703,-1.1845703,-0.9863281,-1.9985352,-5.142578,1.0390625,2.290039,1.8144531,2.0429688,2.0551758,1.2216797,0.6582031,0.10058594,-0.18066406,-0.24365234,-0.28564453,-0.22363281,-0.23583984,-0.3305664,-0.3935547,-0.20654297,-0.26708984,-0.40527344,-0.4584961,-0.39404297,-0.35107422,-0.2626953,-0.119628906,0.053710938,0.16308594,0,0,0,0,0,0,0,0,0
1,-0.09277344,-0.21191406,-0.037109375,0.51708984,0.53027344,-0.07470703,-0.9785156,-0.6694336,-1.0688477,-2.786621,-1.0732422,3.6889648,1.265625,1.6538086,1.6333008,1.0683594,0.42089844,0.029785156,-0.21386719,-0.41796875,-0.55566406,-0.36328125,0.034179688,-0.0029296875,-0.10595703,-0.16796875,-0.3095703,-0.47216797,-0.6020508,-0.55908203,-0.47509766,-0.44921875,-0.3696289,-0.17382812,0.037109375,0,0,0,0,0,0,0,0,0
1,-0.11425781,-0.123046875,0.072753906,0.31835938,0.25634766,-0.14746094,-1.0253906,-0.7973633,-1.5454102,-4.4506836,-0.07128906,2.6953125,1.8588867,2.057129,2.1342773,1.1010742,0.5800781,0.115722656,-0.17822266,-0.37646484,-0.5151367,-0.4736328,-0.16992188,-0.18066406,-0.33935547,-0.3203125,-0.3251953,-0.46679688,-0.49121094,-0.36132812,-0.3125,-0.3564453,-0.2680664,-0.107421875,-0.0073242188,0,0,0,0,0,0,0,0,0
1,0.00048828125,-0.10888672,-0.028320312,0.7001953,0.6542969,0.37451172,-0.29541016,-1.0947266,-1.3203125,-2.6953125,0.08203125,2.5195312,1.4272461,1.6796875,1.6821289,1.2026367,0.43652344,-0.049804688,-0.29003906,-0.46728516,-0.50878906,-0.50927734,-0.25878906,-0.18017578,-0.19824219,-0.26464844,-0.3359375,-0.45410156,-0.58154297,-0.50097656,-0.30126953,-0.24658203,-0.17041016,0.061523438,0.23535156,0,0,0,0,0,0,0,0,0
1,-0.28808594,-0.25732422,0.1430664,0.31884766,0.19482422,-0.19433594,-1.3486328,-1.3461914,-2.6313477,-4.0273438,4.012207,2.652832,2.3564453,2.5317383,1.9921875,0.9838867,0.23339844,-0.24951172,-0.52246094,-0.79785156,-0.72753906,-0.41210938,-0.4345703,-0.62402344,-0.5683594,-0.43554688,-0.59375,-0.77685547,-0.6333008,-0.36083984,-0.1899414,-0.0063476562,0.16113281,0.25927734,0,0,0,0,0,0,0,0,0,0
1,-0.09082031,-0.17041016,0.11621094,0.7314453,0.98535156,0.07861328,-0.83691406,-0.57421875,-1.4233398,-2.9853516,3.2539062,0.022949219,1.6489258,1.5419922,1.6220703,0.75341797,0.13232422,-0.19970703,-0.4711914,-0.71972656,-0.7495117,-0.60498047,-0.25048828,-0.20751953,-0.19970703,-0.17529297,-0.34814453,-0.40966797,-0.46240234,-0.3544922,-0.2680664,-0.24365234,-0.1459961,-0.048828125,0.041015625,0,0,0,0,0,0,0,0,0
1,-0.033691406,-0.11669922,-0.17919922,0.4423828,0.4970703,0.28173828,-0.4790039,-1.0732422,-0.8071289,-2.4160156,-3.1049805,5.065918,1.3916016,1.9233398,2.2827148,1.7211914,0.7753906,0.18847656,-0.25927734,-0.47753906,-0.61816406,-0.5566406,-0.2763672,-0.2548828,-0.2890625,-0.31689453,-0.3935547,-0.49169922,-0.55810547,-0.49316406,-0.35791016,-0.3408203,-0.2397461,-0.024414062,0.12011719,0,0,0,0,0,0,0,0,0
1,-0.09277344,-0.13427734,-0.08984375,0.4897461,0.25634766,0.030273438,-0.80615234,-1.0400391,-0.9785156,-2.496582,-1.8642578,4.8867188,1.4287109,1.6855469,2.1611328,1.3754883,0.57958984,0.05419922,-0.3408203,-0.40039062,-0.5410156,-0.45458984,-0.24365234,-0.29101562,-0.4111328,-0.5136719,-0.57128906,-0.7607422,-0.79248047,-0.6459961,-0.5102539,-0.42285156,-0.2475586,-0.04736328,0.13476562,0,0,0,0,0,0,0,0,0
1,-0.080566406,-0.10839844,0.12207031,0.5258789,0.38476562,0.0126953125,-1.003418,-0.93896484,-1.9306641,-4.739746,2.4736328,1.9086914,2.1708984,1.9199219,1.7910156,0.8901367,0.2397461,-0.29052734,-0.49316406,-0.6459961,-0.5214844,-0.21386719,-0.14648438,-0.3881836,-0.3647461,-0.29638672,-0.39257812,-0.53759766,-0.60546875,-0.4140625,-0.19921875,-0.09326172,0.072753906,0.19873047,0.28808594,0,0,0,0,0,0,0,0,0
1,-0.20361328,-0.26123047,-0.17919922,0.46728516,0.54248047,0.34765625,-0.36083984,-0.9926758,-0.5522461,-2.1811523,-2.8217773,4.791992,0.9926758,1.7026367,2.0317383,1.6235352,0.9194336,0.31201172,-0.087890625,-0.41552734,-0.6801758,-0.6303711,-0.3071289,-0.15722656,-0.3828125,-0.3232422,-0.36914062,-0.59277344,-0.6879883,-0.48242188,-0.3256836,-0.21777344,-0.15332031,-0.051757812,0.14453125,0.18652344,0,0,0,0,0,0,0,0
1,-0.123535156,-0.18408203,-0.067871094,0.4580078,0.27148438,0.12792969,-0.58740234,-0.8208008,-1.0078125,-2.125,-1.0966797,3.480957,1.3295898,1.6816406,1.6767578,1.0932617,0.5576172,-0.0126953125,-0.31347656,-0.44189453,-0.47851562,-0.34423828,-0.22705078,-0.27246094,-0.32470703,-0.3383789,-0.4819336,-0.66845703,-0.64990234,-0.4794922,-0.3569336,-0.25927734,-0.13330078,0.026855469,0.16992188,0,0,0,0,0,0,0,0,0
1,-0.25732422,-0.36035156,0.026367188,0.50927734,0.48095703,-0.2397461,-1.0791016,-1.0253906,-2.4550781,-4.7910156,4.3745117,1.1416016,1.9555664,2.036621,1.7734375,1.0644531,0.3828125,-0.19042969,-0.43896484,-0.57421875,-0.4819336,-0.25390625,-0.064941406,-0.12402344,-0.20507812,-0.23339844,-0.3515625,-0.56152344,-0.6582031,-0.5053711,-0.42333984,-0.38476562,-0.24414062,-0.09082031,0,0,0,0,0,0,0,0,0,0
1,-0.203125,-0.2709961,-0.041992188,0.3046875,0.14501953,-0.041015625,-1.3764648,-1.3950195,-0.7290039,-1.9643555,-2.25,4.8793945,2.4511719,2.3408203,2.461914,1.7299805,1.0200195,0.32470703,-0.063964844,-0.3125,-0.5214844,-0.59716797,-0.43798828,-0.37060547,-0.43847656,-0.40039062,-0.43359375,-0.5283203,-0.5859375,-0.5185547,-0.38720703,-0.2915039,-0.18310547,-0.08984375,0.028808594,0.068847656,0,0,0,0,0,0,0,0
1,-0.39990234,-0.36865234,-0.08105469,0.5541992,0.35986328,-0.08935547,-0.68408203,-0.77978516,-1.8725586,-4.4052734,2.0673828,2.6606445,2.2612305,1.9819336,1.7851562,1.215332,0.54003906,-0.14257812,-0.39257812,-0.5161133,-0.39111328,-0.19873047,-0.018066406,-0.15332031,-0.3149414,-0.49023438,-0.54248047,-0.64697266,-0.5986328,-0.5209961,-0.36035156,-0.24267578,-0.07470703,0.087402344,0.19384766,0,0,0,0,0,0,0,0,0
1,-0.16992188,-0.26171875,0.040039062,0.5097656,0.7675781,0.17285156,-0.8364258,-0.9013672,-1.8999023,-3.9916992,1.1147461,0.9321289,1.644043,1.9150391,1.784668,1.2021484,0.5083008,0.13476562,-0.14111328,-0.5410156,-0.60791016,-0.20361328,0.0053710938,-0.063964844,-0.041992188,-0.13134766,-0.35205078,-0.5107422,-0.40820312,-0.25878906,-0.15673828,-0.119140625,-0.076171875,0.0048828125,0,0,0,0,0,0,0,0,0,0
1,-0.17773438,-0.2631836,0.12451172,0.4272461,0.4321289,-0.3154297,-1.1923828,-1.0585938,-2.3041992,-4.0654297,5.2871094,0.73046875,1.8188477,1.9243164,1.5209961,0.7910156,0.045898438,-0.35107422,-0.54589844,-0.58496094,-0.44335938,-0.15820312,-0.15039062,-0.2446289,-0.31884766,-0.2944336,-0.33007812,-0.3876953,-0.3642578,-0.29101562,-0.23486328,-0.12695312,-0.07373047,0,0,0,0,0,0,0,0,0,0,0
1,-0.296875,-0.33447266,-0.17626953,0.55566406,0.3330078,-0.17382812,-0.63964844,-0.37158203,-1.9907227,-5.447754,2.3300781,1.8530273,1.6650391,2.1098633,2.0146484,1.1171875,0.4086914,-0.18359375,-0.4663086,-0.5102539,-0.3491211,-0.11376953,-0.0234375,-0.19091797,-0.2265625,-0.24023438,-0.36572266,-0.45117188,-0.42773438,-0.41259766,-0.46972656,-0.39257812,-0.2446289,-0.12890625,0,0,0,0,0,0,0,0,0,0
1,-0.22705078,-0.28564453,-0.14550781,0.6586914,0.4501953,0.020019531,-1.234375,-1.0722656,-2.5908203,-2.7260742,5.2685547,1.6611328,2.2514648,2.0942383,1.5351562,0.95166016,0.16992188,-0.18017578,-0.36914062,-0.5317383,-0.5541992,-0.29492188,-0.24267578,-0.4013672,-0.3696289,-0.32080078,-0.47753906,-0.50390625,-0.43359375,-0.33544922,-0.2758789,-0.17626953,0.040039062,0.23779297,0,0,0,0,0,0,0,0,0,0
1,-0.16113281,-0.16601562,0.08154297,0.2006836,0.13330078,-0.25634766,-0.65527344,-0.34814453,-1.8037109,-4.4208984,1.4594727,1.4238281,1.5961914,2.2734375,1.9130859,1.121582,0.5878906,0.034179688,-0.2861328,-0.42871094,-0.421875,-0.32910156,-0.2368164,-0.4921875,-0.54052734,-0.42822266,-0.35742188,-0.50439453,-0.67871094,-0.4423828,-0.12011719,0.13964844,0.3330078,0.41015625,0,0,0,0,0,0,0,0,0,0
1,-0.14794922,-0.12109375,0.2241211,0.9399414,0.9121094,0.029785156,-0.7006836,-0.8178711,-1.3188477,-2.5878906,1.6420898,0.5390625,1.1782227,1.6196289,1.5263672,0.97265625,0.45703125,-0.051757812,-0.2421875,-0.4638672,-0.51416016,-0.39648438,-0.3852539,-0.30810547,-0.3178711,-0.29589844,-0.34960938,-0.4194336,-0.45410156,-0.39013672,-0.265625,-0.11621094,-0.032226562,0.05859375,0,0,0,0,0,0,0,0,0,0
1,-0.107421875,-0.16894531,-0.048828125,0.39990234,0.34423828,-0.053222656,-0.6694336,-0.5991211,-1.6806641,-5.105957,0.8491211,2.1611328,1.8994141,2.1469727,2.1796875,1.309082,0.6113281,0.10546875,-0.23779297,-0.45263672,-0.4428711,-0.37158203,-0.22314453,-0.20605469,-0.33544922,-0.3383789,-0.5126953,-0.62841797,-0.6826172,-0.5473633,-0.4350586,-0.45361328,-0.33447266,-0.19628906,-0.107421875,0,0,0,0,0,0,0,0,0
1,-0.2919922,-0.2763672,0.016601562,0.5136719,0.65625,0.29248047,-0.40234375,-0.2890625,-1.2719727,-3.2094727,4.8808594,0.24365234,2.1860352,1.5957031,1.3291016,0.5366211,-0.06298828,-0.35498047,-0.5942383,-0.6972656,-0.55078125,-0.33642578,-0.20703125,-0.37060547,-0.42626953,-0.48046875,-0.48779297,-0.45214844,-0.43115234,-0.296875,-0.20458984,-0.14648438,-0.06201172,0.05029297,0.11669922,0,0,0,0,0,0,0,0,0
1,-0.2607422,-0.27490234,-0.203125,0.48291016,0.37890625,0.16796875,-0.4404297,-0.5776367,-1.1362305,-3.5742188,-0.37353516,3.6157227,1.3286133,1.7871094,1.6796875,1.1513672,0.36279297,-0.16210938,-0.38378906,-0.5810547,-0.6303711,-0.43408203,-0.15966797,-0.19189453,-0.29736328,-0.24267578,-0.25683594,-0.31640625,-0.39794922,-0.35546875,-0.2836914,-0.27783203,-0.2109375,-0.064453125,0.036621094,0,0,0,0,0,0,0,0,0
1,-0.38183594,-0.36279297,-0.04638672,0.7553711,0.95703125,0.35058594,-0.69677734,-1.0698242,-1.8051758,-3.5424805,3.4487305,0.8261719,1.7133789,1.7915039,1.6176758,1.1411133,0.35253906,-0.14501953,-0.42333984,-0.58984375,-0.4477539,-0.22363281,-0.09863281,-0.22705078,-0.28320312,-0.20751953,-0.3618164,-0.6303711,-0.67285156,-0.49023438,-0.34375,-0.23876953,-0.07714844,0.104003906,0,0,0,0,0,0,0,0,0,0
1,-0.21142578,-0.16455078,0.48291016,0.61865234,0.5600586,-0.17871094,-1.0776367,-1.7607422,-3.3769531,-2.260254,4.918457,1.1240234,1.6455078,1.9570312,1.3969727,0.5522461,-0.10986328,-0.42382812,-0.5527344,-0.5673828,-0.27783203,-0.09472656,-0.18164062,-0.3149414,-0.35595703,-0.51123047,-0.6479492,-0.5439453,-0.3408203,-0.21484375,-0.14355469,-0.0126953125,0.111328125,0.1977539,0,0,0,0,0,0,0,0,0,0
1,-0.23925781,-0.2319336,-0.09667969,0.4921875,0.44580078,0.36621094,-0.39990234,-1.1489258,-2.0297852,-5.2197266,0.97216797,2.6435547,1.7788086,2.2016602,1.8481445,1.1977539,0.41357422,0.,-0.3876953,-0.52685547,-0.22070312,-0.10498047,-0.1665039,-0.21044922,-0.17822266,-0.13427734,-0.25927734,-0.38867188,-0.4477539,-0.3984375,-0.3251953,-0.17333984,-0.0024414062,0.09716797,0,0,0,0,0,0,0,0,0,0
1,-0.21142578,-0.25097656,0.24902344,0.6376953,0.6152344,-0.06347656,-1.2416992,-0.9526367,-1.6762695,-3.572754,3.041504,0.7651367,1.7578125,1.8051758,1.7807617,1.0805664,0.45507812,-0.110839844,-0.28466797,-0.47998047,-0.49169922,-0.30566406,-0.13427734,-0.1484375,-0.18701172,-0.24414062,-0.42041016,-0.5727539,-0.55322266,-0.40576172,-0.34375,-0.3017578,-0.16503906,-0.016601562,0.14257812,0,0,0,0,0,0,0,0,0
1,-0.1772461,-0.2133789,0.0078125,0.67626953,0.75439453,0.39013672,-0.57666016,-0.73095703,-1.9321289,-4.2783203,4.708496,-0.28710938,1.8041992,1.7519531,1.4643555,0.7734375,-0.036621094,-0.5498047,-0.7109375,-0.81347656,-0.5698242,-0.2783203,-0.016113281,-0.22607422,-0.21289062,-0.27490234,-0.5336914,-0.50097656,-0.3544922,-0.14941406,-0.05419922,-0.037597656,0.11230469,0.22167969,0,0,0,0,0,0,0,0,0,0
1,-0.25732422,-0.24804688,-0.17529297,0.42382812,0.49121094,0.14648438,-0.6748047,-1.1655273,-0.95214844,-2.6660156,-1.4882812,5.046875,1.2016602,1.7553711,1.8813477,1.2773438,0.6035156,-0.095214844,-0.30273438,-0.50341797,-0.7133789,-0.5253906,-0.22802734,-0.23730469,-0.30419922,-0.2319336,-0.3100586,-0.47802734,-0.46142578,-0.23730469,-0.12011719,-0.10595703,-0.040527344,-0.0146484375,0.07861328,0,0,0,0,0,0,0,0,0
1,-0.32470703,-0.3720703,-0.13916016,0.6040039,0.6323242,-0.0234375,-0.86035156,-0.88671875,-1.878418,-4.9570312,1.9399414,1.4501953,1.7089844,1.9951172,1.7797852,1.1782227,0.39501953,-0.04345703,-0.34179688,-0.5595703,-0.48046875,-0.16113281,0.06347656,-0.026367188,-0.13964844,-0.21679688,-0.43847656,-0.45361328,-0.32128906,-0.34277344,-0.43652344,-0.37353516,-0.19433594,-0.030761719,0,0,0,0,0,0,0,0,0,0
1,-0.2290039,-0.2602539,-0.10888672,0.47998047,0.32763672,0.009765625,-0.64501953,-1.0253906,-1.059082,-2.790039,-2.2426758,6.164551,1.3725586,1.6835938,2.038086,1.1962891,0.37060547,-0.36523438,-0.66503906,-0.5527344,-0.52441406,-0.47705078,-0.3491211,-0.27246094,-0.34765625,-0.38867188,-0.5239258,-0.6171875,-0.53808594,-0.35742188,-0.3334961,-0.26757812,-0.12792969,-0.03125,0,0,0,0,0,0,0,0,0,0
1,-0.2290039,-0.19140625,-0.115722656,0.8105469,1.2138672,0.76171875,-0.4892578,-1.0458984,-1.6455078,-4.2719727,-0.44433594,2.975586,1.3203125,1.7607422,1.9365234,1.3710938,0.50439453,-0.055664062,-0.27246094,-0.5102539,-0.5649414,-0.22460938,-0.033203125,-0.13867188,-0.20654297,-0.2915039,-0.39892578,-0.3881836,-0.26953125,-0.17382812,-0.19580078,-0.20458984,-0.13085938,-0.009277344,0,0,0,0,0,0,0,0,0,0
1,-0.23242188,-0.33203125,0.041015625,0.4638672,0.25634766,-0.15625,-0.8120117,-0.55126953,-0.9086914,-2.7285156,-0.068359375,3.9663086,1.4267578,1.9545898,2.1235352,1.4179688,0.6660156,0.19677734,-0.03125,-0.3564453,-0.6816406,-0.6904297,-0.31835938,-0.2133789,-0.2919922,-0.42041016,-0.6118164,-0.8652344,-0.88183594,-0.59228516,-0.41748047,-0.2939453,-0.13720703,-0.01171875,0.114746094,0,0,0,0,0,0,0,0,0
1,-0.17041016,-0.1459961,0.5708008,0.9794922,0.83447266,-0.12695312,-1.074707,-1.6499023,-3.3266602,-0.8100586,4.470703,0.87109375,1.7216797,1.949707,1.5043945,0.6904297,0.026367188,-0.30908203,-0.5566406,-0.6176758,-0.40527344,-0.10498047,-0.15625,-0.25878906,-0.27539062,-0.30371094,-0.50341797,-0.5288086,-0.43164062,-0.27929688,-0.23486328,-0.114746094,0.04248047,0.22070312,0,0,0,0,0,0,0,0,0,0
1,-0.1459961,-0.17822266,-0.171875,0.5913086,0.7246094,0.4091797,-0.5239258,-0.8774414,-0.3955078,-1.4960938,-1.2856445,5.2304688,0.35351562,1.7070312,1.8222656,1.3081055,0.67285156,-0.016113281,-0.30859375,-0.52246094,-0.7270508,-0.6479492,-0.34570312,-0.22558594,-0.22509766,-0.19140625,-0.40039062,-0.57470703,-0.69873047,-0.59033203,-0.4086914,-0.3540039,-0.23828125,-0.099121094,0.05859375,0.2578125,0,0,0,0,0,0,0,0
1,-0.22216797,-0.23925781,-0.05078125,0.6899414,0.5551758,0.061523438,-0.6796875,-0.8105469,-1.6069336,-3.6831055,0.8129883,2.7436523,1.3959961,1.9550781,1.9042969,1.3105469,0.60546875,0.057617188,-0.16308594,-0.3725586,-0.4921875,-0.39697266,-0.12841797,-0.13378906,-0.28955078,-0.35839844,-0.45507812,-0.68652344,-0.72021484,-0.57910156,-0.4716797,-0.42871094,-0.35253906,-0.13769531,0.061523438,0,0,0,0,0,0,0,0,0
1,-0.14746094,-0.19824219,-0.091796875,0.59765625,0.578125,0.123046875,-0.2475586,-0.74853516,-1.0317383,-3.4829102,0.58203125,3.5200195,1.7148438,2.0839844,2.0976562,1.0185547,0.37597656,-0.02734375,-0.32861328,-0.5649414,-0.67529297,-0.58984375,-0.40478516,-0.4013672,-0.47558594,-0.41357422,-0.4194336,-0.5058594,-0.5629883,-0.46679688,-0.27294922,-0.1821289,-0.057617188,0.10058594,0.21582031,0,0,0,0,0,0,0,0,0
1,-0.21533203,-0.24707031,0.1586914,0.4267578,0.12988281,-0.13427734,-0.9111328,-0.62890625,-1.2841797,-3.6894531,-0.4580078,3.6611328,1.8417969,2.019043,1.9511719,1.340332,0.52490234,-0.10058594,-0.29541016,-0.49316406,-0.44335938,-0.30078125,-0.123535156,-0.21972656,-0.34521484,-0.4716797,-0.5629883,-0.6791992,-0.6191406,-0.4765625,-0.43066406,-0.375,-0.19580078,0.0073242188,0,0,0,0,0,0,0,0,0,0
1,-0.19189453,-0.28564453,0.0053710938,0.9116211,0.734375,-0.0625,-0.46679688,-0.25048828,-1.1567383,-3.190918,1.5419922,1.0610352,1.3564453,1.9433594,1.7612305,0.93115234,0.19091797,-0.18847656,-0.29589844,-0.5463867,-0.64453125,-0.52978516,-0.23095703,0.0053710938,0.019042969,-0.009765625,-0.29248047,-0.43847656,-0.43017578,-0.2836914,-0.21875,-0.21582031,-0.1850586,-0.087402344,0.03515625,0,0,0,0,0,0,0,0,0
1,-0.33740234,-0.34521484,-0.31298828,0.46289062,0.3828125,0.2998047,-0.16699219,-0.92626953,-0.84033203,-2.4091797,-2.043457,4.6328125,1.3896484,1.9291992,1.9291992,1.3149414,0.7006836,0.092285156,-0.26123047,-0.4350586,-0.5341797,-0.5371094,-0.32763672,-0.10253906,-0.19482422,-0.2421875,-0.3232422,-0.41455078,-0.4897461,-0.41845703,-0.24511719,-0.1538086,-0.1015625,-0.05859375,0.03564453,0.07128906,0,0,0,0,0,0,0,0
1,-0.18261719,-0.26513672,0.18115234,0.69921875,0.5004883,-0.25585938,-1.246582,-0.7084961,-2.2148438,-4.404785,5.5126953,0.9916992,1.5908203,2.3125,1.9038086,1.1513672,0.38476562,-0.0009765625,-0.2783203,-0.6645508,-0.6503906,-0.36083984,-0.28222656,-0.32373047,-0.20117188,-0.2475586,-0.53759766,-0.578125,-0.41552734,-0.26708984,-0.17529297,-0.14404297,-0.061035156,0.15234375,0,0,0,0,0,0,0,0,0,0
1,-0.23242188,-0.22509766,0.001953125,0.6171875,0.46728516,0.28710938,-0.44335938,-1.0185547,-0.9916992,-2.7055664,-1.8857422,4.998535,1.3178711,1.8657227,1.8779297,1.4946289,0.6591797,-0.008300781,-0.28564453,-0.41748047,-0.5239258,-0.41357422,-0.13671875,-0.100097656,-0.18310547,-0.1459961,-0.25097656,-0.52441406,-0.58740234,-0.44140625,-0.3466797,-0.29101562,-0.22460938,-0.09277344,0,0,0,0,0,0,0,0,0,0
